Bac;Matière;Chapitre;Contenu;Titre au catalogue;Type;Média;Référence;Fichier;Dossier;Source;Id du contenu
تاسعة أساسي;رياضيات;Le théorème de Thalès;درس — مبرهنة طاليس;;cours;vidéo;—;dQw4w9WgXcQ;https://youtu.be;lien externe;l-9th-cours
تاسعة أساسي;رياضيات;Le théorème de Thalès;درس — مبرهنة طاليس;;cours;document;—;سند الدرس;—;hors catalogue;l-9th-cours
تاسعة أساسي;رياضيات;La trigonométrie;سلسلة تمارين — حساب المثلثات;;serie;document;—;النص;—;hors catalogue;l-9trig-serie
تاسعة أساسي;رياضيات;La trigonométrie;سلسلة تمارين — حساب المثلثات;;serie;document;—;الإصلاح;—;hors catalogue;l-9trig-serie
تاسعة أساسي;رياضيات;Équations et inéquations;ملخّص — المعادلات والمتراجحات;;resume;document;—;بطاقة مراجعة;—;hors catalogue;l-9eq-resume
باك — اقتصاد وتصرّف;Bac Éco - Économie;Le comportement et l'équilibre du consommateur;L'utilité totale et l'utilité marginale;l'utilité total et l'utilité marginal;cours;vidéo;ELINE-ECO-009;V01.mp4;eline bac/cours TH1;médiathèque;les-bac-eco-eco-1-01
باك — اقتصاد وتصرّف;Bac Éco - Économie;Le comportement et l'équilibre du consommateur;L'utilité totale et l'utilité marginale;l'utilité total et l'utilité marginal;cours;document;ELINE-ECO-006;PDF V01.pdf;eline bac/cours TH1;médiathèque;les-bac-eco-eco-1-01
باك — اقتصاد وتصرّف;Bac Éco - Économie;Le comportement et l'équilibre du consommateur;La contrainte budgétaire;;cours;vidéo;ELINE-ECO-010;V02.mp4;eline bac/cours TH1;médiathèque;les-bac-eco-eco-1-02
باك — اقتصاد وتصرّف;Bac Éco - Économie;Le comportement et l'équilibre du consommateur;La contrainte budgétaire;;cours;document;ELINE-ECO-007;PDF V02.pdf;eline bac/cours TH1;médiathèque;les-bac-eco-eco-1-02
باك — اقتصاد وتصرّف;Bac Éco - Économie;Le comportement et l'équilibre du consommateur;L'équilibre du consommateur;l'équilibre du consommateur;cours;vidéo;ELINE-ECO-003;L_équilibre du consommateur ( cours).mp4;eline bac/cours TH1;médiathèque;les-bac-eco-eco-1-03
باك — اقتصاد وتصرّف;Bac Éco - Économie;Le comportement et l'équilibre du consommateur;L'équilibre du consommateur;l'équilibre du consommateur;cours;document;ELINE-ECO-002;l_équilibre du conso.pdf;eline bac/cours TH1;médiathèque;les-bac-eco-eco-1-03
باك — اقتصاد وتصرّف;Bac Éco - Économie;Le comportement et l'équilibre du consommateur;Fonction de la demande;fonction de la demande;cours;vidéo;ELINE-ECO-031;fonction de la demande.mp4;eline bac/exercices TH1;médiathèque;les-bac-eco-eco-1-04
باك — اقتصاد وتصرّف;Bac Éco - Économie;Le comportement et l'équilibre du consommateur;Fonction de la demande;fonction de la demande;cours;document;ELINE-ECO-030;Fonction de la demande-Copy.pdf;eline bac/exercices TH1;médiathèque;les-bac-eco-eco-1-04
باك — اقتصاد وتصرّف;Bac Éco - Économie;Le comportement et l'équilibre du consommateur;Choix citoyen du consommateur;choix citoyen du consammateur;cours;vidéo;ELINE-ECO-001;choix citoyen du cteur.mp4;eline bac/cours TH1;médiathèque;les-bac-eco-eco-1-05
باك — اقتصاد وتصرّف;Bac Éco - Économie;Le comportement et l'équilibre du consommateur;Choix citoyen du consommateur;choix citoyen du consammateur;cours;document;ELINE-ECO-008;secion 2 le choix citoyen du consommateur bac.pdf;eline bac/cours TH1;médiathèque;les-bac-eco-eco-1-05
باك — اقتصاد وتصرّف;Bac Éco - Économie;Le comportement et l'équilibre du consommateur;Méthodologie de la dissertation économique;méthodologie de la dissertation économique;cours;vidéo;ELINE-ECO-005;Méthodologie de la dissertation économique.mp4;eline bac/cours TH1;médiathèque;les-bac-eco-eco-1-06
باك — اقتصاد وتصرّف;Bac Éco - Économie;Le comportement et l'équilibre du consommateur;Méthodologie de la dissertation économique;méthodologie de la dissertation économique;cours;document;ELINE-ECO-004;Méthodologie de la dissertation économique-Copy.pdf;eline bac/cours TH1;médiathèque;les-bac-eco-eco-1-06
باك — اقتصاد وتصرّف;Bac Éco - Économie;Le comportement et l'équilibre du consommateur;Problème (partie 1);probléme part 1;exercice;vidéo;ELINE-ECO-038;probléme part 1.mp4;eline bac/exercices TH1;médiathèque;les-bac-eco-eco-1-07
باك — اقتصاد وتصرّف;Bac Éco - Économie;Le comportement et l'équilibre du consommateur;Problème (partie 1);probléme part 1;exercice;document;ELINE-ECO-024;Ex Choix économique -Copy.pdf;eline bac/exercices TH1;médiathèque;les-bac-eco-eco-1-07
باك — اقتصاد وتصرّف;Bac Éco - Économie;Le comportement et l'équilibre du consommateur;Problème (partie 2);probléme part 2;exercice;vidéo;ELINE-ECO-035;Problème part 2.mp4;eline bac/exercices TH1;médiathèque;les-bac-eco-eco-1-08
باك — اقتصاد وتصرّف;Bac Éco - Économie;Le comportement et l'équilibre du consommateur;Problème (partie 2);probléme part 2;exercice;vidéo (2ᵉ);ELINE-ECO-037;problème économique part 2.mp4;eline bac/exercices TH1;médiathèque;les-bac-eco-eco-1-08
باك — اقتصاد وتصرّف;Bac Éco - Économie;Le comportement et l'équilibre du consommateur;Problème (partie 3);probléme part 3;exercice;vidéo;ELINE-ECO-036;Problème part 3_.mp4;eline bac/exercices TH1;médiathèque;les-bac-eco-eco-1-09
باك — اقتصاد وتصرّف;Bac Éco - Économie;Le comportement et l'équilibre du consommateur;Problème (partie 3);probléme part 3;exercice;document;ELINE-ECO-023;Ex Choix économique -Copy(2).pdf;eline bac/exercices TH1;médiathèque;les-bac-eco-eco-1-09
باك — اقتصاد وتصرّف;Bac Éco - Économie;Le comportement et l'équilibre du consommateur;Exercice 2;exercice 2;exercice;vidéo;ELINE-ECO-027;exercice 2.mp4;eline bac/exercices TH1;médiathèque;les-bac-eco-eco-1-10
باك — اقتصاد وتصرّف;Bac Éco - Économie;Le comportement et l'équilibre du consommateur;Exercice 2;exercice 2;exercice;document;ELINE-ECO-025;Exercice 2 choix economique du consommateur-Copy.pdf;eline bac/exercices TH1;médiathèque;les-bac-eco-eco-1-10
باك — اقتصاد وتصرّف;Bac Éco - Économie;Le comportement et l'équilibre du consommateur;Exercice 3;exercice 3;exercice;vidéo;ELINE-ECO-028;exercice 3 (sesseion principal 2024).mp4;eline bac/exercices TH1;médiathèque;les-bac-eco-eco-1-11
باك — اقتصاد وتصرّف;Bac Éco - Économie;Le comportement et l'équilibre du consommateur;Exercice 3;exercice 3;exercice;document;ELINE-ECO-029;Exercice 3-Copy (1) équilibre de consommateur.pdf;eline bac/exercices TH1;médiathèque;les-bac-eco-eco-1-11
باك — اقتصاد وتصرّف;Bac Éco - Économie;Le comportement et l'équilibre du consommateur;Exercice 3;exercice 3;exercice;document;ELINE-ECO-032;le reste de l_exercice 3.pdf;eline bac/exercices TH1;médiathèque;les-bac-eco-eco-1-11
باك — اقتصاد وتصرّف;Bac Éco - Économie;Le comportement et l'équilibre du consommateur;Exercice 4;exercice 4;exercice;vidéo;ELINE-ECO-020;choix eco du consommateur.mp4;eline bac/exercices TH1;médiathèque;les-bac-eco-eco-1-12
باك — اقتصاد وتصرّف;Bac Éco - Économie;Le comportement et l'équilibre du consommateur;Exercice 4;exercice 4;exercice;document;ELINE-ECO-021;Choix économique du consommateur-Copy.pdf;eline bac/exercices TH1;médiathèque;les-bac-eco-eco-1-12
باك — اقتصاد وتصرّف;Bac Éco - Économie;Le comportement et l'équilibre du producteur;La fonction de production (partie 1);la fonction de production (part1);cours;vidéo;ELINE-ECO-018;La fonction de production_.mp4;eline bac/cours TH2;médiathèque;les-bac-eco-eco-2-01
باك — اقتصاد وتصرّف;Bac Éco - Économie;Le comportement et l'équilibre du producteur;La fonction de production (partie 1);la fonction de production (part1);cours;document;ELINE-ECO-015;fonction de production partie 1.pdf;eline bac/cours TH2;médiathèque;les-bac-eco-eco-2-01
باك — اقتصاد وتصرّف;Bac Éco - Économie;Le comportement et l'équilibre du producteur;La fonction de production (partie 2);la fonction de production (part2);cours;vidéo;ELINE-ECO-017;La fonction de production partie 2.mp4;eline bac/cours TH2;médiathèque;les-bac-eco-eco-2-02
باك — اقتصاد وتصرّف;Bac Éco - Économie;Le comportement et l'équilibre du producteur;La fonction de production (partie 2);la fonction de production (part2);cours;document;ELINE-ECO-016;la fonction de production cours partie2.pdf;eline bac/cours TH2;médiathèque;les-bac-eco-eco-2-02
باك — اقتصاد وتصرّف;Bac Éco - Économie;Le comportement et l'équilibre du producteur;Contrainte budgétaire du producteur;contrainte budgétaire du producteur;cours;vidéo;ELINE-ECO-013;Contrainte budgétaire de producteur.mp4;eline bac/cours TH2;médiathèque;les-bac-eco-eco-2-03
باك — اقتصاد وتصرّف;Bac Éco - Économie;Le comportement et l'équilibre du producteur;Contrainte budgétaire du producteur;contrainte budgétaire du producteur;cours;document;ELINE-ECO-014;contrainte budgétaire du producteur.pdf;eline bac/cours TH2;médiathèque;les-bac-eco-eco-2-03
باك — اقتصاد وتصرّف;Bac Éco - Économie;Le comportement et l'équilibre du producteur;Le choix citoyen du producteur;le choix citoyen du producteur;cours;vidéo;ELINE-ECO-012;Choix citoyen du producteur.mp4;eline bac/cours TH2;médiathèque;les-bac-eco-eco-2-04
باك — اقتصاد وتصرّف;Bac Éco - Économie;Le comportement et l'équilibre du producteur;Le choix citoyen du producteur;le choix citoyen du producteur;cours;document;ELINE-ECO-019;SECTION 2 le choix citoyen du producteur-Copy.pdf;eline bac/cours TH2;médiathèque;les-bac-eco-eco-2-04
باك — اقتصاد وتصرّف;Bac Éco - Économie;Le comportement et l'équilibre du producteur;Exercice 1;exercice 1;exercice;vidéo;ELINE-ECO-039;Choix économique du producteur exercice 1.mp4;eline bac/exercices TH2;médiathèque;les-bac-eco-eco-2-05
باك — اقتصاد وتصرّف;Bac Éco - Économie;Le comportement et l'équilibre du producteur;Exercice 1;exercice 1;exercice;document;ELINE-ECO-044;Exercice choix économique du producteur-Copy.pdf;eline bac/exercices TH2;médiathèque;les-bac-eco-eco-2-05
باك — اقتصاد وتصرّف;Bac Éco - Économie;Le comportement et l'équilibre du producteur;Exercice 2;exercice 2;exercice;vidéo;ELINE-ECO-049;L_équilibre du producteur le reste de l_exercice 3.mp4;eline bac/exercices TH2;médiathèque;les-bac-eco-eco-2-06
باك — اقتصاد وتصرّف;Bac Éco - Économie;Le comportement et l'équilibre du producteur;Exercice 2;exercice 2;exercice;vidéo (2ᵉ);ELINE-ECO-050;L_équilibre du producteur.mp4;eline bac/exercices TH2;médiathèque;les-bac-eco-eco-2-06
باك — اقتصاد وتصرّف;Bac Éco - Économie;Le comportement et l'équilibre du producteur;Exercice 2;exercice 2;exercice;document;ELINE-ECO-047;Exercice sur l’équilibre du producteur-Copy.pdf;eline bac/exercices TH2;médiathèque;les-bac-eco-eco-2-06
باك — اقتصاد وتصرّف;Bac Éco - Économie;Le comportement et l'équilibre du producteur;Exercice 2;exercice 2;exercice;document;ELINE-ECO-055;L’équilibre de producteur exercice 3.pdf;eline bac/exercices TH2;médiathèque;les-bac-eco-eco-2-06
باك — اقتصاد وتصرّف;Bac Éco - Économie;Le comportement et l'équilibre du producteur;Exercice 3;exercice 3;exercice;vidéo;ELINE-ECO-054;La fonction de la demande.mp4;eline bac/exercices TH2;médiathèque;les-bac-eco-eco-2-07
باك — اقتصاد وتصرّف;Bac Éco - Économie;Le comportement et l'équilibre du producteur;Exercice 3;exercice 3;exercice;document;ELINE-ECO-053;la fonction de la demande-Copy.pdf;eline bac/exercices TH2;médiathèque;les-bac-eco-eco-2-07
باك — اقتصاد وتصرّف;Bac Éco - Économie;Le comportement et l'équilibre du producteur;Exercice 4;exercice 4;exercice;vidéo;ELINE-ECO-040;Dissertation 1.mp4;eline bac/exercices TH2;médiathèque;les-bac-eco-eco-2-08
باك — اقتصاد وتصرّف;Bac Éco - Économie;Le comportement et l'équilibre du producteur;Exercice 4;exercice 4;exercice;document;ELINE-ECO-043;Dissertations.pdf;eline bac/exercices TH2;médiathèque;les-bac-eco-eco-2-08
باك — اقتصاد وتصرّف;Bac Éco - Économie;Le comportement et l'équilibre du producteur;Exercice 5;exercice 5;exercice;vidéo;ELINE-ECO-041;Dissertation 2.mp4;eline bac/exercices TH2;médiathèque;les-bac-eco-eco-2-09
باك — اقتصاد وتصرّف;Bac Éco - Économie;Le comportement et l'équilibre du producteur;Exercice 5;exercice 5;exercice;document;ELINE-ECO-042;Dissertations 2.pdf;eline bac/exercices TH2;médiathèque;les-bac-eco-eco-2-09
باك — آداب;Bac Lettres - عربية;محور الحماسة;الايقاع;;cours;vidéo;NAJEH-AR-029;1 الايقاع.mp4;najeh farhani BAC/LETTRES/محور الحماسة1;médiathèque;les-bac-lettres-ar-1-01
باك — آداب;Bac Lettres - عربية;محور الحماسة;الايقاع;;cours;document;NAJEH-AR-030;11.pdf;najeh farhani BAC/LETTRES/محور الحماسة1;médiathèque;les-bac-lettres-ar-1-01
باك — آداب;Bac Lettres - عربية;محور الحماسة;المعجم;;cours;vidéo;NAJEH-AR-032;3 المعجم.mp4;najeh farhani BAC/LETTRES/محور الحماسة1;médiathèque;les-bac-lettres-ar-1-02
باك — آداب;Bac Lettres - عربية;محور الحماسة;المعجم;;cours;document;NAJEH-AR-030;11.pdf;najeh farhani BAC/LETTRES/محور الحماسة1;médiathèque;les-bac-lettres-ar-1-02
باك — آداب;Bac Lettres - عربية;محور الحماسة;الصورة الشعرية;;cours;vidéo;NAJEH-AR-031;3 الصورة الشعرية.mp4;najeh farhani BAC/LETTRES/محور الحماسة1;médiathèque;les-bac-lettres-ar-1-03
باك — آداب;Bac Lettres - عربية;محور الحماسة;الصورة الشعرية;;cours;document;NAJEH-AR-030;11.pdf;najeh farhani BAC/LETTRES/محور الحماسة1;médiathèque;les-bac-lettres-ar-1-03
باك — آداب;Bac Lettres - عربية;محور الحماسة;المعاني الحماسية;;cours;vidéo;NAJEH-AR-033;المعاني الحماسية.mp4;najeh farhani BAC/LETTRES/محور الحماسة1;médiathèque;les-bac-lettres-ar-1-04
باك — آداب;Bac Lettres - عربية;محور الحماسة;المعاني الحماسية;;cours;document;NAJEH-AR-030;11.pdf;najeh farhani BAC/LETTRES/محور الحماسة1;médiathèque;les-bac-lettres-ar-1-04
باك — آداب;Bac Lettres - عربية;محور الحماسة;النقاش;;cours;vidéo;NAJEH-AR-034;النقاش.mp4;najeh farhani BAC/LETTRES/محور الحماسة1;médiathèque;les-bac-lettres-ar-1-05
باك — آداب;Bac Lettres - عربية;محور الحماسة;النقاش;;cours;document;NAJEH-AR-030;11.pdf;najeh farhani BAC/LETTRES/محور الحماسة1;médiathèque;les-bac-lettres-ar-1-05
باك — آداب;Bac Lettres - عربية;محور الحماسة;تدريب على موضوع حماسي;;exercice;vidéo;NAJEH-AR-035;تدريب علو موضوع حماسي.mp4;najeh farhani BAC/LETTRES/محور الحماسة1;médiathèque;les-bac-lettres-ar-1-06
باك — آداب;Bac Lettres - عربية;محور الحماسة;تدريب على موضوع حماسي;;exercice;document;NAJEH-AR-030;11.pdf;najeh farhani BAC/LETTRES/محور الحماسة1;médiathèque;les-bac-lettres-ar-1-06
باك — آداب;Bac Lettres - عربية;محور 2 المنزع العقلي عند الجاحظ;مقدمة محور الجاحظ;;cours;vidéo;NAJEH-AR-001;1 مقدمة محور الجاحظ.mp4;najeh farhani BAC/LETTRES/محور 2 المنزع العقلي عند الجاحظ;médiathèque;les-bac-lettres-ar-2-01
باك — آداب;Bac Lettres - عربية;محور 2 المنزع العقلي عند الجاحظ;مقدمة محور الجاحظ;;cours;document;NAJEH-AR-002;المنزع العقلي عند الجاحظ.pdf;najeh farhani BAC/LETTRES/محور 2 المنزع العقلي عند الجاحظ;médiathèque;les-bac-lettres-ar-2-01
باك — آداب;Bac Lettres - عربية;محور 2 المنزع العقلي عند الجاحظ;المنهج العلمي;;cours;vidéo;NAJEH-AR-005;المنهج العلمي 2.mp4;najeh farhani BAC/LETTRES/محور 2 المنزع العقلي عند الجاحظ;médiathèque;les-bac-lettres-ar-2-02
باك — آداب;Bac Lettres - عربية;محور 2 المنزع العقلي عند الجاحظ;المنهج العلمي;;cours;document;NAJEH-AR-002;المنزع العقلي عند الجاحظ.pdf;najeh farhani BAC/LETTRES/محور 2 المنزع العقلي عند الجاحظ;médiathèque;les-bac-lettres-ar-2-02
باك — آداب;Bac Lettres - عربية;محور 2 المنزع العقلي عند الجاحظ;المنزع العقلي في الفكر الاعتزالي;;cours;vidéo;NAJEH-AR-004;المنزع العقلي في الفكر الاعتزالي 3.mp4;najeh farhani BAC/LETTRES/محور 2 المنزع العقلي عند الجاحظ;médiathèque;les-bac-lettres-ar-2-03
باك — آداب;Bac Lettres - عربية;محور 2 المنزع العقلي عند الجاحظ;المنزع العقلي في الفكر الاعتزالي;;cours;document;NAJEH-AR-002;المنزع العقلي عند الجاحظ.pdf;najeh farhani BAC/LETTRES/محور 2 المنزع العقلي عند الجاحظ;médiathèque;les-bac-lettres-ar-2-03
باك — آداب;Bac Lettres - عربية;محور 2 المنزع العقلي عند الجاحظ;المنزع العقلي في الاسلوب الحجاجي;;cours;vidéo;NAJEH-AR-003;المنزع العقلي في  4 الاسلوب الحجاجي.mp4;najeh farhani BAC/LETTRES/محور 2 المنزع العقلي عند الجاحظ;médiathèque;les-bac-lettres-ar-2-04
باك — آداب;Bac Lettres - عربية;محور 2 المنزع العقلي عند الجاحظ;المنزع العقلي في الاسلوب الحجاجي;;cours;document;NAJEH-AR-002;المنزع العقلي عند الجاحظ.pdf;najeh farhani BAC/LETTRES/محور 2 المنزع العقلي عند الجاحظ;médiathèque;les-bac-lettres-ar-2-04
باك — آداب;Bac Lettres - عربية;محور 2 المنزع العقلي عند الجاحظ;موضوع محور الجاحظ;;cours;vidéo;NAJEH-AR-006;موضوع محور 5الجاحظ.mp4;najeh farhani BAC/LETTRES/محور 2 المنزع العقلي عند الجاحظ;médiathèque;les-bac-lettres-ar-2-05
باك — آداب;Bac Lettres - عربية;محور 2 المنزع العقلي عند الجاحظ;موضوع محور الجاحظ;;cours;document;NAJEH-AR-002;المنزع العقلي عند الجاحظ.pdf;najeh farhani BAC/LETTRES/محور 2 المنزع العقلي عند الجاحظ;médiathèque;les-bac-lettres-ar-2-05
باك — علوم تجريبية;Bac Sciences - SVT;Chapitre 1 : La fonction reproductrice chez l'homme;La fonction reproductrice chez l'homme;chapitre 1 : la fonction reproductrice chez l'homme;cours;vidéo;MOHSSEN-SVT-018;MOHSSEN-SVT-018;—;hors index du catalogue;les-bac-sci-svt-1-01
باك — علوم تجريبية;Bac Sciences - SVT;Chapitre 1 : La fonction reproductrice chez l'homme;La fonction reproductrice chez l'homme;chapitre 1 : la fonction reproductrice chez l'homme;cours;document;cours 1/cours 1 la fonction reproductrice chez  l_homme.pdf;cours 1 la fonction reproductrice chez  l_homme.pdf;cours 1;dossier de la clé;les-bac-sci-svt-1-01
باك — علوم تجريبية;Bac Sciences - SVT;Chapitre 1 : La fonction reproductrice chez l'homme;Fonctions des testicules;;cours;vidéo;MOHSSEN-SVT-024;L2 WA.mp4;mohssen SVT/trimestre 1/théme 1 Reproduction humaine et santé/cours 2;médiathèque;les-bac-sci-svt-1-02
باك — علوم تجريبية;Bac Sciences - SVT;Chapitre 1 : La fonction reproductrice chez l'homme;Fonctions des testicules;;cours;document;MOHSSEN-SVT-023;Fonctions des testicules2023.pdf;mohssen SVT/trimestre 1/théme 1 Reproduction humaine et santé/cours 2;médiathèque;les-bac-sci-svt-1-02
باك — علوم تجريبية;Bac Sciences - SVT;Chapitre 1 : La fonction reproductrice chez l'homme;Contrôle de l'activité testiculaire;contrôle de l'activité testiculaire cours;cours;vidéo;MOHSSEN-SVT-025;L3.mp4;mohssen SVT/trimestre 1/théme 1 Reproduction humaine et santé/cours 3;médiathèque;les-bac-sci-svt-1-03
باك — علوم تجريبية;Bac Sciences - SVT;Chapitre 1 : La fonction reproductrice chez l'homme;Contrôle de l'activité testiculaire;contrôle de l'activité testiculaire cours;cours;document;MOHSSEN-SVT-026;L3 controle de l_activite testiculaire cours.pdf;mohssen SVT/trimestre 1/théme 1 Reproduction humaine et santé/cours 3;médiathèque;les-bac-sci-svt-1-03
باك — علوم تجريبية;Bac Sciences - SVT;Chapitre 1 : La fonction reproductrice chez l'homme;Exercice typique homme;;exercice;vidéo;MOHSSEN-SVT-001;Exercice typique  homme.mp4;mohssen SVT/trimestre 1/exercices théme 1/exercices thème 1/Exercice typique  homme;médiathèque;les-bac-sci-svt-1-04
باك — علوم تجريبية;Bac Sciences - SVT;Chapitre 1 : La fonction reproductrice chez l'homme;Exercice typique homme;;exercice;document;MOHSSEN-SVT-002;pdf.pdf;mohssen SVT/trimestre 1/exercices théme 1/exercices thème 1/Exercice typique  homme;médiathèque;les-bac-sci-svt-1-04
باك — علوم تجريبية;Bac Sciences - SVT;Chapitre 2 : La fonction reproductrice chez la femme;La fonction reproductrice chez la femme;Chapitre 2 : La fonction reproductrice chez la femme;cours;vidéo;MOHSSEN-SVT-027;L4    La fonction reproductrice chez la femme - Copie.mp4;mohssen SVT/trimestre 1/théme 1 Reproduction humaine et santé/cours 4;médiathèque;les-bac-sci-svt-1-05
باك — علوم تجريبية;Bac Sciences - SVT;Chapitre 2 : La fonction reproductrice chez la femme;La fonction reproductrice chez la femme;Chapitre 2 : La fonction reproductrice chez la femme;cours;document;MOHSSEN-SVT-028;la fonction reproductrice chez la femme.pdf;mohssen SVT/trimestre 1/théme 1 Reproduction humaine et santé/cours 4;médiathèque;les-bac-sci-svt-1-05
باك — علوم تجريبية;Bac Sciences - SVT;Chapitre 2 : La fonction reproductrice chez la femme;L'appareil reproducteur de la femme;l'appareil reproducteur de la femme (L5 );cours;vidéo;MOHSSEN-SVT-029;MOHSSEN-SVT-029;—;hors index du catalogue;les-bac-sci-svt-1-06
باك — علوم تجريبية;Bac Sciences - SVT;Chapitre 2 : La fonction reproductrice chez la femme;L'appareil reproducteur de la femme;l'appareil reproducteur de la femme (L5 );cours;document;cours 5/la fonction reproductrice chez la femme .pdf;la fonction reproductrice chez la femme .pdf;cours 5;dossier de la clé;les-bac-sci-svt-1-06
باك — علوم تجريبية;Bac Sciences - SVT;Chapitre 2 : La fonction reproductrice chez la femme;Cycles sexuels;;cours;vidéo;MOHSSEN-SVT-032;L6 cycle sexuels.mp4;mohssen SVT/trimestre 1/théme 1 Reproduction humaine et santé/cours 6;médiathèque;les-bac-sci-svt-1-07
باك — علوم تجريبية;Bac Sciences - SVT;Chapitre 2 : La fonction reproductrice chez la femme;Cycles sexuels;;cours;document;MOHSSEN-SVT-031;cycles sexuls.pdf;mohssen SVT/trimestre 1/théme 1 Reproduction humaine et santé/cours 6;médiathèque;les-bac-sci-svt-1-07
باك — علوم تجريبية;Bac Sciences - SVT;Chapitre 2 : La fonction reproductrice chez la femme;Cycle ovarien hormonal;;cours;vidéo;MOHSSEN-SVT-034;L7 cycle ovarien hormonal.mp4;mohssen SVT/trimestre 1/théme 1 Reproduction humaine et santé/cours 7;médiathèque;les-bac-sci-svt-1-08
باك — علوم تجريبية;Bac Sciences - SVT;Chapitre 2 : La fonction reproductrice chez la femme;Cycle ovarien hormonal;;cours;document;MOHSSEN-SVT-033;cycle ovarien hormonal202.pdf;mohssen SVT/trimestre 1/théme 1 Reproduction humaine et santé/cours 7;médiathèque;les-bac-sci-svt-1-08
باك — علوم تجريبية;Bac Sciences - SVT;Chapitre 2 : La fonction reproductrice chez la femme;Exercice typique femme;;exercice;vidéo;MOHSSEN-SVT-003;exercice typique femme.mp4;mohssen SVT/trimestre 1/exercices théme 1/exercices thème 1/exercice typique femme;médiathèque;les-bac-sci-svt-1-09
باك — علوم تجريبية;Bac Sciences - SVT;Chapitre 2 : La fonction reproductrice chez la femme;Exercice typique femme;;exercice;document;MOHSSEN-SVT-004;exercice-femme2023 (1).pdf;mohssen SVT/trimestre 1/exercices théme 1/exercices thème 1/exercice typique femme;médiathèque;les-bac-sci-svt-1-09
باك — علوم تجريبية;Bac Sciences - SVT;Chapitre 2 : La fonction reproductrice chez la femme;Régulation du cycle sexuel;Régulation du cycle sexuel (L8);cours;vidéo;MOHSSEN-SVT-036;MOHSSEN-SVT-036;—;hors index du catalogue;les-bac-sci-svt-1-10
باك — علوم تجريبية;Bac Sciences - SVT;Chapitre 2 : La fonction reproductrice chez la femme;Régulation du cycle sexuel;Régulation du cycle sexuel (L8);cours;document;cours 8/L8 regulation du cycle sexul.pdf;L8 regulation du cycle sexul.pdf;cours 8;dossier de la clé;les-bac-sci-svt-1-10
باك — علوم تجريبية;Bac Sciences - Physique;Le condensateur;Étude expérimentale;Etude Exprémentale;cours;vidéo;MAHDI-PHYS-026;le condensateur  etude exprémentale.mp4;mahdi BAC/condensateur dpx;médiathèque;les-bac-sci-phys-1-01
باك — علوم تجريبية;Bac Sciences - Physique;Le condensateur;Étude expérimentale;Etude Exprémentale;cours;document;MAHDI-PHYS-023;chapitre 01 BS.pdf;mahdi BAC/condensateur dpx;médiathèque;les-bac-sci-phys-1-01
باك — علوم تجريبية;Bac Sciences - Physique;Le condensateur;Étude théorique;Etude theorique;cours;vidéo;MAHDI-PHYS-029;le condensateur etude théorique.mp4;mahdi BAC/condensateur dpx;médiathèque;les-bac-sci-phys-1-02
باك — علوم تجريبية;Bac Sciences - Physique;Le condensateur;Étude théorique;Etude theorique;cours;document;MAHDI-PHYS-023;chapitre 01 BS.pdf;mahdi BAC/condensateur dpx;médiathèque;les-bac-sci-phys-1-02
باك — علوم تجريبية;Bac Sciences - Physique;Le condensateur;Exercice 1;;exercice;vidéo;MAHDI-PHYS-024;condensateur correction ex n 01.mp4;mahdi BAC/condensateur dpx;médiathèque;les-bac-sci-phys-1-03
باك — علوم تجريبية;Bac Sciences - Physique;Le condensateur;Exercice 1;;exercice;document;MAHDI-PHYS-030;pdf le condensateur (correx ex).pdf;mahdi BAC/condensateur dpx;médiathèque;les-bac-sci-phys-1-03
باك — علوم تجريبية;Bac Sciences - Physique;Le condensateur;Exercice 2;;exercice;vidéo;MAHDI-PHYS-025;condensateur correction exercice n 02.mp4;mahdi BAC/condensateur dpx;médiathèque;les-bac-sci-phys-1-04
باك — علوم تجريبية;Bac Sciences - Physique;Le condensateur;Exercice 2;;exercice;document;MAHDI-PHYS-030;pdf le condensateur (correx ex).pdf;mahdi BAC/condensateur dpx;médiathèque;les-bac-sci-phys-1-04
باك — علوم تجريبية;Bac Sciences - Physique;Le condensateur;Exercice 3;;exercice;vidéo;MAHDI-PHYS-027;le condensateur correction exercice 03.mp4;mahdi BAC/condensateur dpx;médiathèque;les-bac-sci-phys-1-05
باك — علوم تجريبية;Bac Sciences - Physique;Le condensateur;Exercice 3;;exercice;document;MAHDI-PHYS-030;pdf le condensateur (correx ex).pdf;mahdi BAC/condensateur dpx;médiathèque;les-bac-sci-phys-1-05
باك — علوم تجريبية;Bac Sciences - Physique;Le condensateur;Exercice 4;;exercice;vidéo;MAHDI-PHYS-028;le condensateur correction exercice n 04.mp4;mahdi BAC/condensateur dpx;médiathèque;les-bac-sci-phys-1-06
باك — علوم تجريبية;Bac Sciences - Physique;Le condensateur;Exercice 4;;exercice;document;MAHDI-PHYS-030;pdf le condensateur (correx ex).pdf;mahdi BAC/condensateur dpx;médiathèque;les-bac-sci-phys-1-06
باك — علوم تجريبية;Bac Sciences - Physique;RC;Dipôle RC : étude expérimentale;dipole RC : étude exprémentale;cours;vidéo;MAHDI-PHYS-066;dipole RC étude exprémentale.mp4;mahdi BAC/RC;médiathèque;les-bac-sci-phys-2-01
باك — علوم تجريبية;Bac Sciences - Physique;RC;Dipôle RC : étude expérimentale;dipole RC : étude exprémentale;cours;document;MAHDI-PHYS-063;DIPOLE RC (avec notes).pdf;mahdi BAC/RC;médiathèque;les-bac-sci-phys-2-01
باك — علوم تجريبية;Bac Sciences - Physique;RC;Dipôle RC : étude expérimentale;dipole RC : étude exprémentale;cours;document;MAHDI-PHYS-064;DIPOLE RC (vierge).pdf;mahdi BAC/RC;médiathèque;les-bac-sci-phys-2-01
باك — علوم تجريبية;Bac Sciences - Physique;RC;Dipôle RC : étude théorique;dipole RC : étude théorique;cours;vidéo;MAHDI-PHYS-065;dipole RC etude théorique ...mp4;mahdi BAC/RC;médiathèque;les-bac-sci-phys-2-02
باك — علوم تجريبية;Bac Sciences - Physique;RC;Dipôle RC : étude théorique;dipole RC : étude théorique;cours;document;MAHDI-PHYS-063;DIPOLE RC (avec notes).pdf;mahdi BAC/RC;médiathèque;les-bac-sci-phys-2-02
باك — علوم تجريبية;Bac Sciences - Physique;RC;Dipôle RC : étude théorique;dipole RC : étude théorique;cours;document;MAHDI-PHYS-064;DIPOLE RC (vierge).pdf;mahdi BAC/RC;médiathèque;les-bac-sci-phys-2-02
باك — علوم تجريبية;Bac Sciences - Physique;RC;Exercice 1;;exercice;vidéo;MAHDI-PHYS-057;correction ex n 01 dipole RC.mp4;mahdi BAC/RC;médiathèque;les-bac-sci-phys-2-03
باك — علوم تجريبية;Bac Sciences - Physique;RC;Exercice 1;;exercice;document;MAHDI-PHYS-069;exercice 01-02 dipole RC.pdf;mahdi BAC/RC;médiathèque;les-bac-sci-phys-2-03
باك — علوم تجريبية;Bac Sciences - Physique;RC;Exercice 2;;exercice;vidéo;MAHDI-PHYS-058;correction ex n 02 dipole RC.mp4;mahdi BAC/RC;médiathèque;les-bac-sci-phys-2-04
باك — علوم تجريبية;Bac Sciences - Physique;RC;Exercice 2;;exercice;document;MAHDI-PHYS-069;exercice 01-02 dipole RC.pdf;mahdi BAC/RC;médiathèque;les-bac-sci-phys-2-04
باك — علوم تجريبية;Bac Sciences - Physique;RC;Exercice 3;;exercice;vidéo;MAHDI-PHYS-059;correction ex n 03 dipole RC.mp4;mahdi BAC/RC;médiathèque;les-bac-sci-phys-2-05
باك — علوم تجريبية;Bac Sciences - Physique;RC;Exercice 3;;exercice;document;MAHDI-PHYS-067;ex 03-04 dipole rc.pdf;mahdi BAC/RC;médiathèque;les-bac-sci-phys-2-05
باك — علوم تجريبية;Bac Sciences - Physique;RC;Exercice 4;;exercice;vidéo;MAHDI-PHYS-060;correction ex n 04 dipole RC.mp4;mahdi BAC/RC;médiathèque;les-bac-sci-phys-2-06
باك — علوم تجريبية;Bac Sciences - Physique;RC;Exercice 4;;exercice;document;MAHDI-PHYS-067;ex 03-04 dipole rc.pdf;mahdi BAC/RC;médiathèque;les-bac-sci-phys-2-06
باك — علوم تجريبية;Bac Sciences - Physique;RC;Exercice 5;;exercice;vidéo;MAHDI-PHYS-061;correction ex n 05 dipole RC.mp4;mahdi BAC/RC;médiathèque;les-bac-sci-phys-2-07
باك — علوم تجريبية;Bac Sciences - Physique;RC;Exercice 5;;exercice;document;MAHDI-PHYS-068;ex 05-06 dipole RC.pdf;mahdi BAC/RC;médiathèque;les-bac-sci-phys-2-07
باك — علوم تجريبية;Bac Sciences - Physique;RC;Exercice 6;;exercice;vidéo;MAHDI-PHYS-062;correction ex n 06 dipole RC.mp4;mahdi BAC/RC;médiathèque;les-bac-sci-phys-2-08
باك — علوم تجريبية;Bac Sciences - Physique;RC;Exercice 6;;exercice;document;MAHDI-PHYS-068;ex 05-06 dipole RC.pdf;mahdi BAC/RC;médiathèque;les-bac-sci-phys-2-08
باك — علوم تجريبية;Bac Sciences - Physique;La bobine;Bobine;;cours;vidéo;MAHDI-PHYS-009;la bobine.mp4;mahdi BAC/Bobine dpx;médiathèque;les-bac-sci-phys-3-01
باك — علوم تجريبية;Bac Sciences - Physique;La bobine;Bobine;;cours;document;MAHDI-PHYS-005;LA BOBINE (avec des notes).pdf;mahdi BAC/Bobine dpx;médiathèque;les-bac-sci-phys-3-01
باك — علوم تجريبية;Bac Sciences - Physique;La bobine;Bobine;;cours;document;MAHDI-PHYS-006;LA BOBINE (vierge).pdf;mahdi BAC/Bobine dpx;médiathèque;les-bac-sci-phys-3-01
باك — علوم تجريبية;Bac Sciences - Physique;La bobine;Exercice 1;;exercice;vidéo;MAHDI-PHYS-007;la bobine correction ex n 01.mp4;mahdi BAC/Bobine dpx;médiathèque;les-bac-sci-phys-3-02
باك — علوم تجريبية;Bac Sciences - Physique;La bobine;Exercice 1;;exercice;document;MAHDI-PHYS-003;ex n 01-ex n 02 la bobine.pdf;mahdi BAC/Bobine dpx;médiathèque;les-bac-sci-phys-3-02
باك — علوم تجريبية;Bac Sciences - Physique;La bobine;Exercice 2;;exercice;vidéo;MAHDI-PHYS-008;la bobine correction ex n 02.mp4;mahdi BAC/Bobine dpx;médiathèque;les-bac-sci-phys-3-03
باك — علوم تجريبية;Bac Sciences - Physique;La bobine;Exercice 2;;exercice;document;MAHDI-PHYS-003;ex n 01-ex n 02 la bobine.pdf;mahdi BAC/Bobine dpx;médiathèque;les-bac-sci-phys-3-03
باك — علوم تجريبية;Bac Sciences - Physique;La bobine;Exercice 3;;exercice;vidéo;MAHDI-PHYS-002;bobine correction ex n 03.mp4;mahdi BAC/Bobine dpx;médiathèque;les-bac-sci-phys-3-04
باك — علوم تجريبية;Bac Sciences - Physique;La bobine;Exercice 3;;exercice;document;MAHDI-PHYS-004;ex n 03 bobine.pdf;mahdi BAC/Bobine dpx;médiathèque;les-bac-sci-phys-3-04
باك — علوم تجريبية;Bac Sciences - Physique;RL;Dipôle RL : étude expérimentale;dipole RL : étude exprementale;cours;vidéo;MAHDI-PHYS-081;dipole RL étude exprementale.mp4;mahdi BAC/RL;médiathèque;les-bac-sci-phys-4-01
باك — علوم تجريبية;Bac Sciences - Physique;RL;Dipôle RL : étude expérimentale;dipole RL : étude exprementale;cours;document;MAHDI-PHYS-084;PDF COURS DIPOLE RL.pdf;mahdi BAC/RL;médiathèque;les-bac-sci-phys-4-01
باك — علوم تجريبية;Bac Sciences - Physique;RL;Dipôle RL : étude théorique;dipole RL : etude théorique;cours;vidéo;MAHDI-PHYS-080;dipole RL etude théorique.mp4;mahdi BAC/RL;médiathèque;les-bac-sci-phys-4-02
باك — علوم تجريبية;Bac Sciences - Physique;RL;Dipôle RL : étude théorique;dipole RL : etude théorique;cours;document;MAHDI-PHYS-084;PDF COURS DIPOLE RL.pdf;mahdi BAC/RL;médiathèque;les-bac-sci-phys-4-02
باك — علوم تجريبية;Bac Sciences - Physique;RL;Exercice 1;;exercice;vidéo;MAHDI-PHYS-075;dipole RL correction EX n 01.mp4;mahdi BAC/RL;médiathèque;les-bac-sci-phys-4-03
باك — علوم تجريبية;Bac Sciences - Physique;RL;Exercice 1;;exercice;document;MAHDI-PHYS-073;correction ex n 01-ex n 02 dipole RL.pdf;mahdi BAC/RL;médiathèque;les-bac-sci-phys-4-03
باك — علوم تجريبية;Bac Sciences - Physique;RL;Exercice 2;;exercice;vidéo;MAHDI-PHYS-074;dipole RL  correction EX n 02.mp4;mahdi BAC/RL;médiathèque;les-bac-sci-phys-4-04
باك — علوم تجريبية;Bac Sciences - Physique;RL;Exercice 2;;exercice;document;MAHDI-PHYS-073;correction ex n 01-ex n 02 dipole RL.pdf;mahdi BAC/RL;médiathèque;les-bac-sci-phys-4-04
باك — علوم تجريبية;Bac Sciences - Physique;RL;Exercice 3;;exercice;vidéo;MAHDI-PHYS-076;dipole RL correction EX n 03.mp4;mahdi BAC/RL;médiathèque;les-bac-sci-phys-4-05
باك — علوم تجريبية;Bac Sciences - Physique;RL;Exercice 3;;exercice;document;MAHDI-PHYS-070;correction ex 02_ex 03 oscillations libres amorties.pdf;mahdi BAC/RL;médiathèque;les-bac-sci-phys-4-05
باك — علوم تجريبية;Bac Sciences - Physique;RL;Exercice 4;;exercice;vidéo;MAHDI-PHYS-077;dipole RL correction EX n 04.mp4;mahdi BAC/RL;médiathèque;les-bac-sci-phys-4-06
باك — علوم تجريبية;Bac Sciences - Physique;RL;Exercice 4;;exercice;document;MAHDI-PHYS-071;correction ex 03-ex 04 dipole RL.pdf;mahdi BAC/RL;médiathèque;les-bac-sci-phys-4-06
باك — علوم تجريبية;Bac Sciences - Physique;RL;Exercice 5;;exercice;vidéo;MAHDI-PHYS-078;dipole RL correction EX n 05.mp4;mahdi BAC/RL;médiathèque;les-bac-sci-phys-4-07
باك — علوم تجريبية;Bac Sciences - Physique;RL;Exercice 5;;exercice;document;MAHDI-PHYS-072;correction ex 05-ex 06 dipole RL.pdf;mahdi BAC/RL;médiathèque;les-bac-sci-phys-4-07
باك — علوم تجريبية;Bac Sciences - Physique;RL;Exercice 6;;exercice;vidéo;MAHDI-PHYS-079;dipole RL correction EX n 06.mp4;mahdi BAC/RL;médiathèque;les-bac-sci-phys-4-08
باك — علوم تجريبية;Bac Sciences - Physique;RL;Exercice 6;;exercice;document;MAHDI-PHYS-072;correction ex 05-ex 06 dipole RL.pdf;mahdi BAC/RL;médiathèque;les-bac-sci-phys-4-08
باك — علوم تجريبية;Bac Sciences - Physique;Oscillations libres amorties;Oscillations amorties libres : étude expérimentale;oscillatations amorties libres : etude exprémentale;cours;vidéo;MAHDI-PHYS-033;oscillatations amorties etude exprémentale.mp4;mahdi BAC/oscillations libres amorties dpx;médiathèque;les-bac-sci-phys-5-01
باك — علوم تجريبية;Bac Sciences - Physique;Oscillations libres amorties;Oscillations amorties libres : étude expérimentale;oscillatations amorties libres : etude exprémentale;cours;document;MAHDI-PHYS-038;OSCILLATIONS ELECTRIQUES LIBRES AMORTIES pdf.pdf;mahdi BAC/oscillations libres amorties dpx;médiathèque;les-bac-sci-phys-5-01
باك — علوم تجريبية;Bac Sciences - Physique;Oscillations libres amorties;Oscillations amorties libres : étude théorique;oscillations amorties libres : etude théorique;cours;vidéo;MAHDI-PHYS-037;oscillations amorties etude théorique.mp4;mahdi BAC/oscillations libres amorties dpx;médiathèque;les-bac-sci-phys-5-02
باك — علوم تجريبية;Bac Sciences - Physique;Oscillations libres amorties;Oscillations amorties libres : étude théorique;oscillations amorties libres : etude théorique;cours;document;MAHDI-PHYS-038;OSCILLATIONS ELECTRIQUES LIBRES AMORTIES pdf.pdf;mahdi BAC/oscillations libres amorties dpx;médiathèque;les-bac-sci-phys-5-02
باك — علوم تجريبية;Bac Sciences - Physique;Oscillations libres amorties;Exercice 1;;exercice;vidéo;MAHDI-PHYS-034;oscillations amorties correction EX n 01.mp4;mahdi BAC/oscillations libres amorties dpx;médiathèque;les-bac-sci-phys-5-03
باك — علوم تجريبية;Bac Sciences - Physique;Oscillations libres amorties;Exercice 1;;exercice;document;MAHDI-PHYS-031;correction ex 01 oscillations libres amortie.pdf;mahdi BAC/oscillations libres amorties dpx;médiathèque;les-bac-sci-phys-5-03
باك — علوم تجريبية;Bac Sciences - Physique;Oscillations libres amorties;Exercice 2;;exercice;vidéo;MAHDI-PHYS-035;oscillations amorties correction EX n 02.mp4;mahdi BAC/oscillations libres amorties dpx;médiathèque;les-bac-sci-phys-5-04
باك — علوم تجريبية;Bac Sciences - Physique;Oscillations libres amorties;Exercice 2;;exercice;document;MAHDI-PHYS-032;correction ex 02_ex 03 oscillations libres amorties.pdf;mahdi BAC/oscillations libres amorties dpx;médiathèque;les-bac-sci-phys-5-04
باك — علوم تجريبية;Bac Sciences - Physique;Oscillations libres amorties;Exercice 3;;exercice;vidéo;MAHDI-PHYS-036;oscillations amorties correction EX n 03.mp4;mahdi BAC/oscillations libres amorties dpx;médiathèque;les-bac-sci-phys-5-05
باك — علوم تجريبية;Bac Sciences - Physique;Oscillations libres amorties;Exercice 3;;exercice;document;MAHDI-PHYS-032;correction ex 02_ex 03 oscillations libres amorties.pdf;mahdi BAC/oscillations libres amorties dpx;médiathèque;les-bac-sci-phys-5-05
باك — علوم تجريبية;Bac Sciences - Physique;Oscillations électriques libres non amorties;Oscillations non amorties : étude expérimentale;oscillatations non amorties : etude exprémentale;cours;vidéo;MAHDI-PHYS-054;oscillations non amorties étude exprémentale.mp4;mahdi BAC/oscillations non amorties;médiathèque;les-bac-sci-phys-6-01
باك — علوم تجريبية;Bac Sciences - Physique;Oscillations électriques libres non amorties;Oscillations non amorties : étude expérimentale;oscillatations non amorties : etude exprémentale;cours;document;MAHDI-PHYS-039;O oSCILLATIONS ELECTRIQUES LIBRES NON AMORTIES pdf.pdf;mahdi BAC/oscillations non amorties;médiathèque;les-bac-sci-phys-6-01
باك — علوم تجريبية;Bac Sciences - Physique;Oscillations électriques libres non amorties;Oscillations non amorties : étude théorique (partie 1);oscillatations non amorties : étude théorique (part 1);cours;vidéo;MAHDI-PHYS-050;oscillations non amortie etude théorique partie 1 mp4.mp4;mahdi BAC/oscillations non amorties;médiathèque;les-bac-sci-phys-6-02
باك — علوم تجريبية;Bac Sciences - Physique;Oscillations électriques libres non amorties;Oscillations non amorties : étude théorique (partie 1);oscillatations non amorties : étude théorique (part 1);cours;document;MAHDI-PHYS-039;O oSCILLATIONS ELECTRIQUES LIBRES NON AMORTIES pdf.pdf;mahdi BAC/oscillations non amorties;médiathèque;les-bac-sci-phys-6-02
باك — علوم تجريبية;Bac Sciences - Physique;Oscillations électriques libres non amorties;Oscillations non amorties : étude théorique (partie 2);oscillatations non amorties : étude théorique (part 2);cours;vidéo;MAHDI-PHYS-053;oscillations non amorties etude théoerique partie 2 p4.mp4;mahdi BAC/oscillations non amorties;médiathèque;les-bac-sci-phys-6-03
باك — علوم تجريبية;Bac Sciences - Physique;Oscillations électriques libres non amorties;Oscillations non amorties : étude théorique (partie 2);oscillatations non amorties : étude théorique (part 2);cours;document;MAHDI-PHYS-039;O oSCILLATIONS ELECTRIQUES LIBRES NON AMORTIES pdf.pdf;mahdi BAC/oscillations non amorties;médiathèque;les-bac-sci-phys-6-03
باك — علوم تجريبية;Bac Sciences - Physique;Oscillations électriques libres non amorties;Exercice 1;;exercice;vidéo;MAHDI-PHYS-051;oscillations non amorties correction EX n 01.mp4;mahdi BAC/oscillations non amorties;médiathèque;les-bac-sci-phys-6-04
باك — علوم تجريبية;Bac Sciences - Physique;Oscillations électriques libres non amorties;Exercice 1;;exercice;document;MAHDI-PHYS-040;osc non amorties ex n 01-ex n 02.pdf;mahdi BAC/oscillations non amorties;médiathèque;les-bac-sci-phys-6-04
باك — علوم تجريبية;Bac Sciences - Physique;Oscillations électriques libres non amorties;Exercice 2;;exercice;vidéo;MAHDI-PHYS-055;oscllations non amortie correction EX n 02.mp4;mahdi BAC/oscillations non amorties;médiathèque;les-bac-sci-phys-6-05
باك — علوم تجريبية;Bac Sciences - Physique;Oscillations électriques libres non amorties;Exercice 2;;exercice;document;MAHDI-PHYS-040;osc non amorties ex n 01-ex n 02.pdf;mahdi BAC/oscillations non amorties;médiathèque;les-bac-sci-phys-6-05
باك — علوم تجريبية;Bac Sciences - Physique;Oscillations électriques libres non amorties;Exercice 3;;exercice;vidéo;MAHDI-PHYS-052;oscillations non amorties correction EX n 03.mp4;mahdi BAC/oscillations non amorties;médiathèque;les-bac-sci-phys-6-06
باك — علوم تجريبية;Bac Sciences - Physique;Oscillations électriques libres non amorties;Exercice 3;;exercice;document;MAHDI-PHYS-041;osc non amorties ex n 03 - ex n 04.pdf;mahdi BAC/oscillations non amorties;médiathèque;les-bac-sci-phys-6-06
باك — علوم تجريبية;Bac Sciences - Physique;Oscillations électriques libres non amorties;Exercice 4;Exercice 4 (manq ved);exercice;vidéo;MAHDI-PHYS-043;oscillation non amorties correction EX n 04.mp4;mahdi BAC/oscillations non amorties;médiathèque;les-bac-sci-phys-6-07
باك — علوم تجريبية;Bac Sciences - Physique;Oscillations électriques libres non amorties;Exercice 4;Exercice 4 (manq ved);exercice;document;MAHDI-PHYS-041;osc non amorties ex n 03 - ex n 04.pdf;mahdi BAC/oscillations non amorties;médiathèque;les-bac-sci-phys-6-07
باك — علوم تجريبية;Bac Sciences - Physique;Oscillations électriques libres non amorties;Exercice 5;Exercice 5 (manq ved);exercice;vidéo;MAHDI-PHYS-044;oscillation non amorties correction EX n 05.mp4;mahdi BAC/oscillations non amorties;médiathèque;les-bac-sci-phys-6-08
باك — علوم تجريبية;Bac Sciences - Physique;Oscillations électriques libres non amorties;Exercice 5;Exercice 5 (manq ved);exercice;document;MAHDI-PHYS-042;osc non amorties ex n 05.pdf;mahdi BAC/oscillations non amorties;médiathèque;les-bac-sci-phys-6-08
باك — علوم تجريبية;Bac Sciences - Physique;Cinétique chimique;Avancement d'une réaction chimique;;cours;vidéo;MAHDI-PHYS-010;avancement d'une réaction chimique.mp4;mahdi BAC/cinétique chimique dpx;médiathèque;les-bac-sci-phys-7-01
باك — علوم تجريبية;Bac Sciences - Physique;Cinétique chimique;Avancement d'une réaction chimique;;cours;document;MAHDI-PHYS-020;pdf Cinétique chimique - Chapitre 1 - Cours et Exercices.pdf;mahdi BAC/cinétique chimique dpx;médiathèque;les-bac-sci-phys-7-01
باك — علوم تجريبية;Bac Sciences - Physique;Cinétique chimique;Vitesse d'une réaction chimique;Vitesse d'une réaction chimique (sc +math);cours;vidéo;MAHDI-PHYS-022;vitesse d'une réaction chimique.mp4;mahdi BAC/cinétique chimique dpx;médiathèque;les-bac-sci-phys-7-02
باك — علوم تجريبية;Bac Sciences - Physique;Cinétique chimique;Vitesse d'une réaction chimique;Vitesse d'une réaction chimique (sc +math);cours;document;MAHDI-PHYS-020;pdf Cinétique chimique - Chapitre 1 - Cours et Exercices.pdf;mahdi BAC/cinétique chimique dpx;médiathèque;les-bac-sci-phys-7-02
باك — علوم تجريبية;Bac Sciences - Physique;Cinétique chimique;Notion d'équilibre chimique et estérification;;cours;vidéo;MAHDI-PHYS-019;notion equilibre chimique et esterification.mp4;mahdi BAC/cinétique chimique dpx;médiathèque;les-bac-sci-phys-7-03
باك — علوم تجريبية;Bac Sciences - Physique;Cinétique chimique;Notion d'équilibre chimique et estérification;;cours;document;MAHDI-PHYS-021;pdf L'équilibre chimique BAC.pdf;mahdi BAC/cinétique chimique dpx;médiathèque;les-bac-sci-phys-7-03
باك — علوم تجريبية;Bac Sciences - Physique;Cinétique chimique;Loi d'action de masse;;cours;vidéo;MAHDI-PHYS-018;loi d'action de masse.mp4;mahdi BAC/cinétique chimique dpx;médiathèque;les-bac-sci-phys-7-04
باك — علوم تجريبية;Bac Sciences - Physique;Cinétique chimique;Loi d'action de masse;;cours;document;MAHDI-PHYS-021;pdf L'équilibre chimique BAC.pdf;mahdi BAC/cinétique chimique dpx;médiathèque;les-bac-sci-phys-7-04
باك — علوم تجريبية;Bac Sciences - Physique;Cinétique chimique;Exercice 1 : cinétique chimique;;exercice;vidéo;MAHDI-PHYS-014;cinétique chimique ex n 01.mp4;mahdi BAC/cinétique chimique dpx;médiathèque;les-bac-sci-phys-7-05
باك — علوم تجريبية;Bac Sciences - Physique;Cinétique chimique;Exercice 1 : cinétique chimique;;exercice;document;MAHDI-PHYS-020;pdf Cinétique chimique - Chapitre 1 - Cours et Exercices.pdf;mahdi BAC/cinétique chimique dpx;médiathèque;les-bac-sci-phys-7-05
باك — علوم تجريبية;Bac Sciences - Physique;Cinétique chimique;Exercice 2 : cinétique chimique;;exercice;vidéo;MAHDI-PHYS-012;cinétique chimique correction ex n 02.mp4;mahdi BAC/cinétique chimique dpx;médiathèque;les-bac-sci-phys-7-06
باك — علوم تجريبية;Bac Sciences - Physique;Cinétique chimique;Exercice 2 : cinétique chimique;;exercice;document;MAHDI-PHYS-020;pdf Cinétique chimique - Chapitre 1 - Cours et Exercices.pdf;mahdi BAC/cinétique chimique dpx;médiathèque;les-bac-sci-phys-7-06
باك — علوم تجريبية;Bac Sciences - Physique;Cinétique chimique;Exercice 3 : cinétique chimique;;exercice;vidéo;MAHDI-PHYS-011;cinetique chimique correction EX n 03.mp4;mahdi BAC/cinétique chimique dpx;médiathèque;les-bac-sci-phys-7-07
باك — علوم تجريبية;Bac Sciences - Physique;Cinétique chimique;Exercice 3 : cinétique chimique;;exercice;document;MAHDI-PHYS-020;pdf Cinétique chimique - Chapitre 1 - Cours et Exercices.pdf;mahdi BAC/cinétique chimique dpx;médiathèque;les-bac-sci-phys-7-07
باك — علوم تجريبية;Bac Sciences - Physique;Cinétique chimique;Exercice 4 : cinétique chimique;;exercice;vidéo;MAHDI-PHYS-013;cinétique chimique correction EX n 04.mp4;mahdi BAC/cinétique chimique dpx;médiathèque;les-bac-sci-phys-7-08
باك — علوم تجريبية;Bac Sciences - Physique;Cinétique chimique;Exercice 4 : cinétique chimique;;exercice;document;MAHDI-PHYS-020;pdf Cinétique chimique - Chapitre 1 - Cours et Exercices.pdf;mahdi BAC/cinétique chimique dpx;médiathèque;les-bac-sci-phys-7-08
باك — علوم تجريبية;Bac Sciences - Physique;Cinétique chimique;Exercice 1 : équilibre chimique;;exercice;vidéo;MAHDI-PHYS-015;equilibre chimique correction EX n 01.mp4;mahdi BAC/cinétique chimique dpx;médiathèque;les-bac-sci-phys-7-09
باك — علوم تجريبية;Bac Sciences - Physique;Cinétique chimique;Exercice 1 : équilibre chimique;;exercice;document;MAHDI-PHYS-021;pdf L'équilibre chimique BAC.pdf;mahdi BAC/cinétique chimique dpx;médiathèque;les-bac-sci-phys-7-09
باك — علوم تجريبية;Bac Sciences - Physique;Cinétique chimique;Exercice 2 : équilibre chimique;;exercice;vidéo;MAHDI-PHYS-016;equilibre chimique correction EX n 02.mp4;mahdi BAC/cinétique chimique dpx;médiathèque;les-bac-sci-phys-7-10
باك — علوم تجريبية;Bac Sciences - Physique;Cinétique chimique;Exercice 2 : équilibre chimique;;exercice;document;MAHDI-PHYS-021;pdf L'équilibre chimique BAC.pdf;mahdi BAC/cinétique chimique dpx;médiathèque;les-bac-sci-phys-7-10
باك — علوم تجريبية;Bac Sciences - Physique;Cinétique chimique;Exercice 3 : équilibre chimique;;exercice;vidéo;MAHDI-PHYS-017;equilibre chimique correction EX n 03.mp4;mahdi BAC/cinétique chimique dpx;médiathèque;les-bac-sci-phys-7-11
باك — علوم تجريبية;Bac Sciences - Physique;Cinétique chimique;Exercice 3 : équilibre chimique;;exercice;document;MAHDI-PHYS-021;pdf L'équilibre chimique BAC.pdf;mahdi BAC/cinétique chimique dpx;médiathèque;les-bac-sci-phys-7-11
باك — علوم تجريبية;Bac Sciences - فلسفة;محور الانية و الغيرية;تمهيد محور الإنية و الغيرية;;cours;vidéo;WALID-PHILO-009;تمهيد محور الإنية  1والغيرية.mp4;walid ferhi;médiathèque;les-bac-sci-philo-1-01
باك — علوم تجريبية;Bac Sciences - فلسفة;محور الانية و الغيرية;تمهيد محور الإنية و الغيرية;;cours;document;WALID-PHILO-012;محور الإنية والغيرية.pdf;walid ferhi;médiathèque;les-bac-sci-philo-1-01
باك — علوم تجريبية;Bac Sciences - فلسفة;محور الانية و الغيرية;تعالي الانية على الغيرية;;cours;vidéo;WALID-PHILO-008;تعالي الانية على الغيرية 2.mp4;walid ferhi;médiathèque;les-bac-sci-philo-1-02
باك — علوم تجريبية;Bac Sciences - فلسفة;محور الانية و الغيرية;تعالي الانية على الغيرية;;cours;document;WALID-PHILO-012;محور الإنية والغيرية.pdf;walid ferhi;médiathèque;les-bac-sci-philo-1-02
باك — علوم تجريبية;Bac Sciences - فلسفة;محور الانية و الغيرية;الانية بما هي ذات واعية (ديكارت);;cours;vidéo;WALID-PHILO-001;الانية بما هي ذات واعية (ديكارت) 3.mp4;walid ferhi;médiathèque;les-bac-sci-philo-1-03
باك — علوم تجريبية;Bac Sciences - فلسفة;محور الانية و الغيرية;الانية بما هي ذات واعية (ديكارت);;cours;document;WALID-PHILO-012;محور الإنية والغيرية.pdf;walid ferhi;médiathèque;les-bac-sci-philo-1-03
باك — علوم تجريبية;Bac Sciences - فلسفة;محور الانية و الغيرية;في جدلية الانية و الغيرية;;cours;vidéo;WALID-PHILO-011;في جدلية الانية و الغيرية 4.mp4;walid ferhi;médiathèque;les-bac-sci-philo-1-04
باك — علوم تجريبية;Bac Sciences - فلسفة;محور الانية و الغيرية;في جدلية الانية و الغيرية;;cours;document;WALID-PHILO-012;محور الإنية والغيرية.pdf;walid ferhi;médiathèque;les-bac-sci-philo-1-04
باك — علوم تجريبية;Bac Sciences - فلسفة;محور الانية و الغيرية;الذات المتجسدة;;cours;vidéo;WALID-PHILO-003;الذات المتجسدة 5.mp4;walid ferhi;médiathèque;les-bac-sci-philo-1-05
باك — علوم تجريبية;Bac Sciences - فلسفة;محور الانية و الغيرية;الذات المتجسدة;;cours;document;WALID-PHILO-012;محور الإنية والغيرية.pdf;walid ferhi;médiathèque;les-bac-sci-philo-1-05
باك — علوم تجريبية;Bac Sciences - فلسفة;محور الانية و الغيرية;تاسيس انطولوجيا جديدة للجسد;;cours;vidéo;WALID-PHILO-007;تاسيس انطولوجيا جديدة للجسد 6.mp4;walid ferhi;médiathèque;les-bac-sci-philo-1-06
باك — علوم تجريبية;Bac Sciences - فلسفة;محور الانية و الغيرية;تاسيس انطولوجيا جديدة للجسد;;cours;document;WALID-PHILO-012;محور الإنية والغيرية.pdf;walid ferhi;médiathèque;les-bac-sci-philo-1-06
باك — علوم تجريبية;Bac Sciences - فلسفة;محور الانية و الغيرية;الوعي بما هو تشكل تاريخي;;cours;vidéo;WALID-PHILO-005;الوعي بما هو تشكل تاريخي 7.mp4;walid ferhi;médiathèque;les-bac-sci-philo-1-07
باك — علوم تجريبية;Bac Sciences - فلسفة;محور الانية و الغيرية;الوعي بما هو تشكل تاريخي;;cours;document;WALID-PHILO-012;محور الإنية والغيرية.pdf;walid ferhi;médiathèque;les-bac-sci-philo-1-07
باك — علوم تجريبية;Bac Sciences - فلسفة;محور الانية و الغيرية;الوعي بناء تاريخي (ماركس);;cours;vidéo;WALID-PHILO-006;الوعي بناء تاريخي (ماركس) 8.mp4;walid ferhi;médiathèque;les-bac-sci-philo-1-08
باك — علوم تجريبية;Bac Sciences - فلسفة;محور الانية و الغيرية;الوعي بناء تاريخي (ماركس);;cours;document;WALID-PHILO-012;محور الإنية والغيرية.pdf;walid ferhi;médiathèque;les-bac-sci-philo-1-08
باك — علوم تجريبية;Bac Sciences - فلسفة;محور الانية و الغيرية;جدلية الوعي و اللاوعي;;cours;vidéo;WALID-PHILO-010;جدلية الوعي و اللاوعي 9.mp4;walid ferhi;médiathèque;les-bac-sci-philo-1-09
باك — علوم تجريبية;Bac Sciences - فلسفة;محور الانية و الغيرية;جدلية الوعي و اللاوعي;;cours;document;WALID-PHILO-012;محور الإنية والغيرية.pdf;walid ferhi;médiathèque;les-bac-sci-philo-1-09
باك — علوم تجريبية;Bac Sciences - فلسفة;محور الانية و الغيرية;التكامل بين الوعي و الاوعي;;cours;vidéo;WALID-PHILO-002;التكامل بين الوعي  10و اللاوعي.mp4;walid ferhi;médiathèque;les-bac-sci-philo-1-10
باك — علوم تجريبية;Bac Sciences - فلسفة;محور الانية و الغيرية;التكامل بين الوعي و الاوعي;;cours;document;WALID-PHILO-012;محور الإنية والغيرية.pdf;walid ferhi;médiathèque;les-bac-sci-philo-1-10
باك — علوم تجريبية;Bac Sciences - فلسفة;محور الانية و الغيرية;الغيرية كامنة في الذات;;cours;vidéo;WALID-PHILO-004;الغيرية كامنة في الذات 11.mp4;walid ferhi;médiathèque;les-bac-sci-philo-1-11
باك — علوم تجريبية;Bac Sciences - فلسفة;محور الانية و الغيرية;الغيرية كامنة في الذات;;cours;document;WALID-PHILO-012;محور الإنية والغيرية.pdf;walid ferhi;médiathèque;les-bac-sci-philo-1-11
باك — علوم تجريبية;Bac Sciences - Français;Module 1 : Souvenirs et nostalgie;Vocabulaire;;cours;vidéo;RAOUEDHA-FR-017;souvenirs et nostalgie  vocabulaire.mp4;Raouedha erguez FRANCAIS/Trimestre 1/Module1 _souvenirs et nostalgie_;médiathèque;les-bac-sci-fr-1-01
باك — علوم تجريبية;Bac Sciences - Français;Module 1 : Souvenirs et nostalgie;Vocabulaire;;cours;document;RAOUEDHA-FR-018;souvenirs et nostalgie vovabulaire.pdf;Raouedha erguez FRANCAIS/Trimestre 1/Module1 _souvenirs et nostalgie_;médiathèque;les-bac-sci-fr-1-01
باك — علوم تجريبية;Bac Sciences - Français;Module 1 : Souvenirs et nostalgie;La cause et la conséquence;La Cause et la conséquence;cours;vidéo;RAOUEDHA-FR-012;la cause et la conséquence.mp4;Raouedha erguez FRANCAIS/Trimestre 1/Module1 _souvenirs et nostalgie_;médiathèque;les-bac-sci-fr-1-02
باك — علوم تجريبية;Bac Sciences - Français;Module 1 : Souvenirs et nostalgie;La cause et la conséquence;La Cause et la conséquence;cours;document;RAOUEDHA-FR-013;La cause et la conséquence.pdf;Raouedha erguez FRANCAIS/Trimestre 1/Module1 _souvenirs et nostalgie_;médiathèque;les-bac-sci-fr-1-02
باك — علوم تجريبية;Bac Sciences - Français;Module 1 : Souvenirs et nostalgie;Exercice cause et conséquence;;exercice;vidéo;RAOUEDHA-FR-010;la cause et la conséquence exercices MM.mp4;Raouedha erguez FRANCAIS/Trimestre 1/Module1 _souvenirs et nostalgie_;médiathèque;les-bac-sci-fr-1-03
باك — علوم تجريبية;Bac Sciences - Français;Module 1 : Souvenirs et nostalgie;Exercice cause et conséquence;;exercice;document;RAOUEDHA-FR-011;la cause et la conséquence exercices.pdf;Raouedha erguez FRANCAIS/Trimestre 1/Module1 _souvenirs et nostalgie_;médiathèque;les-bac-sci-fr-1-03
باك — علوم تجريبية;Bac Sciences - Français;Module 1 : Souvenirs et nostalgie;Texte explicatif, texte argumentatif : quelle différence ?;Texte explicatif texte argumentatif quelle différence ?;cours;vidéo;RAOUEDHA-FR-019;texte explicatif texte argumentatif quelle différence.mp4;Raouedha erguez FRANCAIS/Trimestre 1/Module1 _souvenirs et nostalgie_;médiathèque;les-bac-sci-fr-1-04
باك — علوم تجريبية;Bac Sciences - Français;Module 1 : Souvenirs et nostalgie;Texte explicatif, texte argumentatif : quelle différence ?;Texte explicatif texte argumentatif quelle différence ?;cours;document;RAOUEDHA-FR-014;Module1 le txt explicatif le txt argumentatif quelle différence BS (1).pdf;Raouedha erguez FRANCAIS/Trimestre 1/Module1 _souvenirs et nostalgie_;médiathèque;les-bac-sci-fr-1-04
باك — علوم تجريبية;Bac Sciences - Français;Module 1 : Souvenirs et nostalgie;Expression écrite : texte explicatif;;cours;vidéo;RAOUEDHA-FR-020;texte explicatif1.mp4;Raouedha erguez FRANCAIS/Trimestre 1/Module1 _souvenirs et nostalgie_;médiathèque;les-bac-sci-fr-1-05
باك — علوم تجريبية;Bac Sciences - Français;Module 1 : Souvenirs et nostalgie;Expression écrite : texte explicatif;;cours;document;RAOUEDHA-FR-021;texte explicatif2(1).pdf;Raouedha erguez FRANCAIS/Trimestre 1/Module1 _souvenirs et nostalgie_;médiathèque;les-bac-sci-fr-1-05
باك — علوم تجريبية;Bac Sciences - Français;Module 1 : Souvenirs et nostalgie;Expression écrite : texte explicatif (application);Expression Ecrite : texte explicatif Application;cours;vidéo;RAOUEDHA-FR-022;texte explicatif2.mp4;Raouedha erguez FRANCAIS/Trimestre 1/Module1 _souvenirs et nostalgie_;médiathèque;les-bac-sci-fr-1-06
باك — علوم تجريبية;Bac Sciences - Français;Module 1 : Souvenirs et nostalgie;Expression écrite : texte explicatif (application);Expression Ecrite : texte explicatif Application;cours;document;RAOUEDHA-FR-023;texte explicatif2.pdf;Raouedha erguez FRANCAIS/Trimestre 1/Module1 _souvenirs et nostalgie_;médiathèque;les-bac-sci-fr-1-06
باك — علوم تجريبية;Bac Sciences - Français;Module 1 : Souvenirs et nostalgie;Étude de texte : lire et comprendre une question de compréhension;Etude de texte : lire comprendre une question de compréhension;cours;vidéo;RAOUEDHA-FR-025;étude de texte lire et comprendre une question de compréhension.mp4;Raouedha erguez FRANCAIS/Trimestre 1/Module1 _souvenirs et nostalgie_;médiathèque;les-bac-sci-fr-1-07
باك — علوم تجريبية;Bac Sciences - Français;Module 1 : Souvenirs et nostalgie;Étude de texte : lire et comprendre une question de compréhension;Etude de texte : lire comprendre une question de compréhension;cours;document;RAOUEDHA-FR-024;étude de texte lire comprendre une question de compréhension.pdf;Raouedha erguez FRANCAIS/Trimestre 1/Module1 _souvenirs et nostalgie_;médiathèque;les-bac-sci-fr-1-07
باك — علوم تجريبية;Bac Sciences - Français;Module 1 : Souvenirs et nostalgie;Répondre à une question portant sur les procédés d'écriture (application);Répondre à une question portant sur les procédés d'écriture application;cours;vidéo;RAOUEDHA-FR-016;répondre à une question portant sur les procésés d_écriture.mp4;Raouedha erguez FRANCAIS/Trimestre 1/Module1 _souvenirs et nostalgie_;médiathèque;les-bac-sci-fr-1-08
باك — علوم تجريبية;Bac Sciences - Français;Module 1 : Souvenirs et nostalgie;Répondre à une question portant sur les procédés d'écriture (application);Répondre à une question portant sur les procédés d'écriture application;cours;document;RAOUEDHA-FR-015;Répondre à une question portant sur les procédés d_écriture application.pdf;Raouedha erguez FRANCAIS/Trimestre 1/Module1 _souvenirs et nostalgie_;médiathèque;les-bac-sci-fr-1-08
باك — علوم تجريبية;Bac Sciences - Français;Module 2 : Histoire d'amour;Le but;Le But;cours;vidéo;RAOUEDHA-FR-007;le but.mp4;Raouedha erguez FRANCAIS/Trimestre 1/Module 2 _Histoires d_amour_;médiathèque;les-bac-sci-fr-2-01
باك — علوم تجريبية;Bac Sciences - Français;Module 2 : Histoire d'amour;Le but;Le But;cours;document;RAOUEDHA-FR-001;Activité langue le but BS.pdf;Raouedha erguez FRANCAIS/Trimestre 1/Module 2 _Histoires d_amour_;médiathèque;les-bac-sci-fr-2-01
باك — علوم تجريبية;Bac Sciences - Français;Module 2 : Histoire d'amour;Le but : exercices;Le but exercices;exercice;vidéo;RAOUEDHA-FR-005;le but exercices.mp4;Raouedha erguez FRANCAIS/Trimestre 1/Module 2 _Histoires d_amour_;médiathèque;les-bac-sci-fr-2-02
باك — علوم تجريبية;Bac Sciences - Français;Module 2 : Histoire d'amour;Le but : exercices;Le but exercices;exercice;document;RAOUEDHA-FR-006;Le but exercices.pdf;Raouedha erguez FRANCAIS/Trimestre 1/Module 2 _Histoires d_amour_;médiathèque;les-bac-sci-fr-2-02
باك — علوم تجريبية;Bac Sciences - Français;Module 2 : Histoire d'amour;Étude de texte : répondre aux questions de compréhension;Etude de texte : répondre aux questions de compréhension;cours;vidéo;RAOUEDHA-FR-008;étude de texte répondre aux questions de compréhension.mp4;Raouedha erguez FRANCAIS/Trimestre 1/Module 2 _Histoires d_amour_;médiathèque;les-bac-sci-fr-2-03
باك — علوم تجريبية;Bac Sciences - Français;Module 2 : Histoire d'amour;Étude de texte : répondre aux questions de compréhension;Etude de texte : répondre aux questions de compréhension;cours;document;RAOUEDHA-FR-009;étude de texte répondre aux questions de compréhension.pdf;Raouedha erguez FRANCAIS/Trimestre 1/Module 2 _Histoires d_amour_;médiathèque;les-bac-sci-fr-2-03
باك — علوم تجريبية;Bac Sciences - Français;Module 2 : Histoire d'amour;Expression écrite : le point de vue absolu;;cours;vidéo;RAOUEDHA-FR-003;expression écrite le point de vue absolu.mp4;Raouedha erguez FRANCAIS/Trimestre 1/Module 2 _Histoires d_amour_;médiathèque;les-bac-sci-fr-2-04
باك — علوم تجريبية;Bac Sciences - Français;Module 2 : Histoire d'amour;Expression écrite : le point de vue absolu;;cours;document;RAOUEDHA-FR-002;expression écrite le point de vue absolu   pt absolu.pdf;Raouedha erguez FRANCAIS/Trimestre 1/Module 2 _Histoires d_amour_;médiathèque;les-bac-sci-fr-2-04
باك — علوم تجريبية;Bac Sciences - عربية;محور 1 في التفكير العلمي;العوامل التي ساعدت العرب على الإبداع;;cours;vidéo;NAJEH-AR-045;العوامل التي ساعدت العرب على الإبداع 1.mp4;najeh farhani BAC/SCTFQ/محور 1 في التفكير العلمي;médiathèque;les-bac-sci-ar-1-01
باك — علوم تجريبية;Bac Sciences - عربية;محور 1 في التفكير العلمي;العوامل التي ساعدت العرب على الإبداع;;cours;document;NAJEH-AR-046;المحور الأول فيد.pdf;najeh farhani BAC/SCTFQ/محور 1 في التفكير العلمي;médiathèque;les-bac-sci-ar-1-01
باك — علوم تجريبية;Bac Sciences - عربية;محور 1 في التفكير العلمي;المناهج العلمية وصفات العالم المسلم;;cours;vidéo;NAJEH-AR-047;المناهج العلمية وصفات العالم المسلم 2.mp4;najeh farhani BAC/SCTFQ/محور 1 في التفكير العلمي;médiathèque;les-bac-sci-ar-1-02
باك — علوم تجريبية;Bac Sciences - عربية;محور 1 في التفكير العلمي;المناهج العلمية وصفات العالم المسلم;;cours;document;NAJEH-AR-046;المحور الأول فيد.pdf;najeh farhani BAC/SCTFQ/محور 1 في التفكير العلمي;médiathèque;les-bac-sci-ar-1-02
باك — علوم تجريبية;Bac Sciences - عربية;محور 1 في التفكير العلمي;العلوم العربية;;cours;vidéo;NAJEH-AR-043;3 العلوم العربية.mp4;najeh farhani BAC/SCTFQ/محور 1 في التفكير العلمي;médiathèque;les-bac-sci-ar-1-03
باك — علوم تجريبية;Bac Sciences - عربية;محور 1 في التفكير العلمي;العلوم العربية;;cours;document;NAJEH-AR-046;المحور الأول فيد.pdf;najeh farhani BAC/SCTFQ/محور 1 في التفكير العلمي;médiathèque;les-bac-sci-ar-1-03
باك — علوم تجريبية;Bac Sciences - عربية;محور 1 في التفكير العلمي;التدرب على فقرة حجاجية;;exercice;vidéo;NAJEH-AR-044;التدرب على فقرة حجاجية 4.mp4;najeh farhani BAC/SCTFQ/محور 1 في التفكير العلمي;médiathèque;les-bac-sci-ar-1-04
باك — علوم تجريبية;Bac Sciences - عربية;محور 1 في التفكير العلمي;التدرب على فقرة حجاجية;;exercice;document;NAJEH-AR-046;المحور الأول فيد.pdf;najeh farhani BAC/SCTFQ/محور 1 في التفكير العلمي;médiathèque;les-bac-sci-ar-1-04
باك — علوم تجريبية;Bac Sciences - عربية;محور 2 في الأدب والفن;الأدب والشعر;;cours;vidéo;NAJEH-AR-048;1 الأدب والشعر.mp4;najeh farhani BAC/SCTFQ/محور 2 في الأدب والفن;médiathèque;les-bac-sci-ar-2-01
باك — علوم تجريبية;Bac Sciences - عربية;محور 2 في الأدب والفن;الأدب والشعر;;cours;document;NAJEH-AR-053;المحور الثاني مع فرض فيديو.pdf;najeh farhani BAC/SCTFQ/محور 2 في الأدب والفن;médiathèque;les-bac-sci-ar-2-01
باك — علوم تجريبية;Bac Sciences - عربية;محور 2 في الأدب والفن;الأدب نثرا ونقدا;;cours;vidéo;NAJEH-AR-049;2 الأدب نثرا ونقدا.mp4;najeh farhani BAC/SCTFQ/محور 2 في الأدب والفن;médiathèque;les-bac-sci-ar-2-02
باك — علوم تجريبية;Bac Sciences - عربية;محور 2 في الأدب والفن;الأدب نثرا ونقدا;;cours;document;NAJEH-AR-053;المحور الثاني مع فرض فيديو.pdf;najeh farhani BAC/SCTFQ/محور 2 في الأدب والفن;médiathèque;les-bac-sci-ar-2-02
باك — علوم تجريبية;Bac Sciences - عربية;محور 2 في الأدب والفن;الفن;;cours;vidéo;NAJEH-AR-050;3 الفن.mp4;najeh farhani BAC/SCTFQ/محور 2 في الأدب والفن;médiathèque;les-bac-sci-ar-2-03
باك — علوم تجريبية;Bac Sciences - عربية;محور 2 في الأدب والفن;الفن;;cours;document;NAJEH-AR-053;المحور الثاني مع فرض فيديو.pdf;najeh farhani BAC/SCTFQ/محور 2 في الأدب والفن;médiathèque;les-bac-sci-ar-2-03
باك — علوم تجريبية;Bac Sciences - عربية;محور 2 في الأدب والفن;الاجابة على أهم الأسئلة;;cours;vidéo;NAJEH-AR-051;4 الاجابة على أهم الأسئلة.mp4;najeh farhani BAC/SCTFQ/محور 2 في الأدب والفن;médiathèque;les-bac-sci-ar-2-04
باك — علوم تجريبية;Bac Sciences - عربية;محور 2 في الأدب والفن;الاجابة على أهم الأسئلة;;cours;document;NAJEH-AR-053;المحور الثاني مع فرض فيديو.pdf;najeh farhani BAC/SCTFQ/محور 2 في الأدب والفن;médiathèque;les-bac-sci-ar-2-04
باك — علوم تجريبية;Bac Sciences - عربية;محور 2 في الأدب والفن;اصلاح فرض حول محور الأدب والفن;;exercice;vidéo;NAJEH-AR-052;اصلاح فرض حول محور الأدب والفن 5.mp4;najeh farhani BAC/SCTFQ/محور 2 في الأدب والفن;médiathèque;les-bac-sci-ar-2-05
باك — علوم تجريبية;Bac Sciences - عربية;محور 2 في الأدب والفن;اصلاح فرض حول محور الأدب والفن;;exercice;document;NAJEH-AR-053;المحور الثاني مع فرض فيديو.pdf;najeh farhani BAC/SCTFQ/محور 2 في الأدب والفن;médiathèque;les-bac-sci-ar-2-05
باك — علوم تقنية;Bac Technique - Electrique;Microcontrôleur;MikroC 1 : interruption;MIKROC 1 : Interruption;cours;vidéo;ATEF-ELEC-001;interruption.mp4;atef HM electrique BAC/1- MIKROC 1 interruption;médiathèque;les-bac-tech-elec-1-01
باك — علوم تقنية;Bac Technique - Electrique;Microcontrôleur;MikroC 1 : interruption;MIKROC 1 : Interruption;cours;document;ATEF-ELEC-002;MIKROC 1 interruption2026.pdf;atef HM electrique BAC/1- MIKROC 1 interruption;médiathèque;les-bac-tech-elec-1-01
باك — علوم تقنية;Bac Technique - Electrique;Microcontrôleur;MikroC 2 : convertisseur;MIKROC 2 : Convertisseur;cours;vidéo;ATEF-ELEC-005;convertion.mp4;atef HM electrique BAC/2- MIKROC 2 convertisseur;médiathèque;les-bac-tech-elec-1-02
باك — علوم تقنية;Bac Technique - Electrique;Microcontrôleur;MikroC 2 : convertisseur;MIKROC 2 : Convertisseur;cours;document;ATEF-ELEC-006;MIKROC 2 convertisseur2026.pdf;atef HM electrique BAC/2- MIKROC 2 convertisseur;médiathèque;les-bac-tech-elec-1-02
باك — علوم تقنية;Bac Technique - Electrique;Microcontrôleur;MikroC 3 : timer;MIKROC 3 timer;cours;vidéo;ATEF-ELEC-008;timer.mp4;atef HM electrique BAC/3- MIKROC 3 Timer;médiathèque;les-bac-tech-elec-1-03
باك — علوم تقنية;Bac Technique - Electrique;Microcontrôleur;MikroC 3 : timer;MIKROC 3 timer;cours;document;ATEF-ELEC-007;MIKROC 3 Timer02026.pdf;atef HM electrique BAC/3- MIKROC 3 Timer;médiathèque;les-bac-tech-elec-1-03
باك — علوم تقنية;Bac Technique - Electrique;Microcontrôleur;Série : micro-conversion;Serie micro conversion;exercice;vidéo;ATEF-ELEC-030;serie micro conversion.mp4;atef HM electrique BAC/serie micro conversion;médiathèque;les-bac-tech-elec-1-04
باك — علوم تقنية;Bac Technique - Electrique;Microcontrôleur;Série : micro-conversion;Serie micro conversion;exercice;document;ATEF-ELEC-028;serie conversion2026-correction.pdf;atef HM electrique BAC/serie micro conversion;médiathèque;les-bac-tech-elec-1-04
باك — علوم تقنية;Bac Technique - Electrique;Microcontrôleur;Série : micro-conversion;Serie micro conversion;exercice;document;ATEF-ELEC-029;serie conversion2026.pdf;atef HM electrique BAC/serie micro conversion;médiathèque;les-bac-tech-elec-1-04
باك — علوم تقنية;Bac Technique - Electrique;Circuit combinatoire;Circuit combinatoire : additionneur binaire et BCD;CIRCUIT COMBINATOIRRE ADDITIONNEUR binaire et BCD;cours;vidéo;ATEF-ELEC-009;additionneur BCD et BINAIRE.mp4;atef HM electrique BAC/4- CIRCUIT  COMBINATOIRRE ADDITIONNEUR binaire et BCD;médiathèque;les-bac-tech-elec-2-01
باك — علوم تقنية;Bac Technique - Electrique;Circuit combinatoire;Circuit combinatoire : additionneur binaire et BCD;CIRCUIT COMBINATOIRRE ADDITIONNEUR binaire et BCD;cours;document;ATEF-ELEC-010;CIRCUIT 2 COMBINATOIRRE ADDITIONNEUR binaire et BCD-2026.pdf;atef HM electrique BAC/4- CIRCUIT  COMBINATOIRRE ADDITIONNEUR binaire et BCD;médiathèque;les-bac-tech-elec-2-01
باك — علوم تقنية;Bac Technique - Electrique;Circuit combinatoire;Circuit combinatoire : soustracteur;CIRCUIT COMBINATOIRRE SOUSTRACTEUR;cours;vidéo;ATEF-ELEC-012;soustracteur binaire.mp4;atef HM electrique BAC/5- CIRCUIT COMBINATOIRRE SOUSTRACTEUR;médiathèque;les-bac-tech-elec-2-02
باك — علوم تقنية;Bac Technique - Electrique;Circuit combinatoire;Circuit combinatoire : soustracteur;CIRCUIT COMBINATOIRRE SOUSTRACTEUR;cours;document;ATEF-ELEC-011;CIRCUIT COMBINATOIRRE SOUSTRACTEUR.pdf;atef HM electrique BAC/5- CIRCUIT COMBINATOIRRE SOUSTRACTEUR;médiathèque;les-bac-tech-elec-2-02
باك — علوم تقنية;Bac Technique - Electrique;Circuit combinatoire;Circuit combinatoire : comparateur;CIRCUIT : COMBINATOIRRE comparateur;cours;vidéo;ATEF-ELEC-014;les comparateur.mp4;atef HM electrique BAC/6- CIRCUIT  COMBINATOIRRE comparateur;médiathèque;les-bac-tech-elec-2-03
باك — علوم تقنية;Bac Technique - Electrique;Circuit combinatoire;Circuit combinatoire : comparateur;CIRCUIT : COMBINATOIRRE comparateur;cours;document;ATEF-ELEC-013;CIRCUIT 4 COMBINATOIRRE comparateur-2026.pdf;atef HM electrique BAC/6- CIRCUIT  COMBINATOIRRE comparateur;médiathèque;les-bac-tech-elec-2-03
باك — علوم تقنية;Bac Technique - Electrique;Circuit combinatoire;Circuit combinatoire : MUX et DMUX;CIRCUIT COMBINATOIRRE MUX ET DMUX;cours;vidéo;ATEF-ELEC-016;MUX ET DMUX.mp4;atef HM electrique BAC/7- CIRCUIT  COMBINATOIRRE MUX ET DMUX;médiathèque;les-bac-tech-elec-2-04
باك — علوم تقنية;Bac Technique - Electrique;Circuit combinatoire;Circuit combinatoire : MUX et DMUX;CIRCUIT COMBINATOIRRE MUX ET DMUX;cours;document;ATEF-ELEC-015;CIRCUIT 3 COMBINATOIRRE MUX ET DMUX-2026.pdf;atef HM electrique BAC/7- CIRCUIT  COMBINATOIRRE MUX ET DMUX;médiathèque;les-bac-tech-elec-2-04
باك — علوم تقنية;Bac Technique - Electrique;Circuit combinatoire;Circuit combinatoire : UAL;CIRCUIT COMBINATOIRRE UAL;cours;vidéo;ATEF-ELEC-018;UNITE ARITHMETIQUE ET LOGIQUE.mp4;atef HM electrique BAC/8- CIRCUIT  COMBINATOIRRE UAL;médiathèque;les-bac-tech-elec-2-05
باك — علوم تقنية;Bac Technique - Electrique;Circuit combinatoire;Circuit combinatoire : UAL;CIRCUIT COMBINATOIRRE UAL;cours;document;ATEF-ELEC-017;CIRCUIT 5 COMBINATOIRRE UAL-2026.pdf;atef HM electrique BAC/8- CIRCUIT  COMBINATOIRRE UAL;médiathèque;les-bac-tech-elec-2-05
باك — علوم تقنية;Bac Technique - Electrique;Circuit combinatoire;Série : circuit combinatoire;Serie circuit combinatoire;cours;vidéo;ATEF-ELEC-022;serie circuit combinatoire.mp4;atef HM electrique BAC/serie circuit combinatoire2026;médiathèque;les-bac-tech-elec-2-06
باك — علوم تقنية;Bac Technique - Electrique;Circuit combinatoire;Série : circuit combinatoire;Serie circuit combinatoire;cours;document;ATEF-ELEC-021;serie circuit combinatoire-2026.pdf;atef HM electrique BAC/serie circuit combinatoire2026;médiathèque;les-bac-tech-elec-2-06
باك — علوم تقنية;Bac Technique - Electrique;Circuit combinatoire;Série : circuit combinatoire;Serie circuit combinatoire;cours;document;ATEF-ELEC-023;serie circuit combinatoire2026-CORRECTION.pdf;atef HM electrique BAC/serie circuit combinatoire2026;médiathèque;les-bac-tech-elec-2-06
باك — علوم تقنية;Bac Technique - Electrique;Logique séquentielle;Logique séquentielle : compteur;LOGIQUE SEQUENTEILLE COMPTEUR;cours;vidéo;ATEF-ELEC-019;compteur.mp4;atef HM electrique BAC/9- LOGIQUE SEQUENTEILLE 1 COMPTEUR;médiathèque;les-bac-tech-elec-3-01
باك — علوم تقنية;Bac Technique - Electrique;Logique séquentielle;Logique séquentielle : compteur;LOGIQUE SEQUENTEILLE COMPTEUR;cours;document;ATEF-ELEC-020;LOGIQUE SEQUENTEILLE 1 COMPTEUR-2026.pdf;atef HM electrique BAC/9- LOGIQUE SEQUENTEILLE 1 COMPTEUR;médiathèque;les-bac-tech-elec-3-01
باك — علوم تقنية;Bac Technique - Electrique;Logique séquentielle;Logique séquentielle : GRAFCET synchronisé;LOGIQUE SEQUENTEILLE : GRAFCET SYNCHRONISE;cours;vidéo;ATEF-ELEC-003;grafcet.mp4;atef HM electrique BAC/10- LOGIQUE SEQUENTEILLE 2 GRAFCET SYNCHRONISE;médiathèque;les-bac-tech-elec-3-02
باك — علوم تقنية;Bac Technique - Electrique;Logique séquentielle;Logique séquentielle : GRAFCET synchronisé;LOGIQUE SEQUENTEILLE : GRAFCET SYNCHRONISE;cours;document;ATEF-ELEC-004;LOGIQUE SEQUENTEILLE 2 GRAFCET SYNCHRONISE-2026.pdf;atef HM electrique BAC/10- LOGIQUE SEQUENTEILLE 2 GRAFCET SYNCHRONISE;médiathèque;les-bac-tech-elec-3-02
باك — علوم تقنية;Bac Technique - Electrique;Logique séquentielle;Série : interruption;Serie interruption;exercice;vidéo;ATEF-ELEC-026;serie micro interruption.mp4;atef HM electrique BAC/serie interruption;médiathèque;les-bac-tech-elec-3-03
باك — علوم تقنية;Bac Technique - Electrique;Logique séquentielle;Série : interruption;Serie interruption;exercice;document;ATEF-ELEC-024;serie interruption-correction.pdf;atef HM electrique BAC/serie interruption;médiathèque;les-bac-tech-elec-3-03
باك — علوم تقنية;Bac Technique - Electrique;Logique séquentielle;Série : interruption;Serie interruption;exercice;document;ATEF-ELEC-025;serie interruption.pdf;atef HM electrique BAC/serie interruption;médiathèque;les-bac-tech-elec-3-03
باك — علوم تقنية;Bac Technique - Mécanique;FAST;Application 1;;cours;vidéo;AMMAR-MECA-054;APPLICATION 1.mp4;VIDEOS MECANIQUE AMMAR/FAST T1;médiathèque;les-bac-tech-meca-1-01
باك — علوم تقنية;Bac Technique - Mécanique;FAST;Application 1;;cours;document;AMMAR-MECA-043;APPLICATION  1 - Correction.pdf;VIDEOS MECANIQUE AMMAR/FAST T1;médiathèque;les-bac-tech-meca-1-01
باك — علوم تقنية;Bac Technique - Mécanique;FAST;Application 1;;cours;document;AMMAR-MECA-044;APPLICATION  1.pdf;VIDEOS MECANIQUE AMMAR/FAST T1;médiathèque;les-bac-tech-meca-1-01
باك — علوم تقنية;Bac Technique - Mécanique;FAST;Application 2;;cours;vidéo;AMMAR-MECA-055;APPLICATION 2.mp4;VIDEOS MECANIQUE AMMAR/FAST T1;médiathèque;les-bac-tech-meca-1-02
باك — علوم تقنية;Bac Technique - Mécanique;FAST;Application 2;;cours;document;AMMAR-MECA-045;APPLICATION  2 - Correction.pdf;VIDEOS MECANIQUE AMMAR/FAST T1;médiathèque;les-bac-tech-meca-1-02
باك — علوم تقنية;Bac Technique - Mécanique;FAST;Application 2;;cours;document;AMMAR-MECA-046;APPLICATION  2.pdf;VIDEOS MECANIQUE AMMAR/FAST T1;médiathèque;les-bac-tech-meca-1-02
باك — علوم تقنية;Bac Technique - Mécanique;FAST;Application 3;;cours;vidéo;AMMAR-MECA-056;APPLICATION 3.mp4;VIDEOS MECANIQUE AMMAR/FAST T1;médiathèque;les-bac-tech-meca-1-03
باك — علوم تقنية;Bac Technique - Mécanique;FAST;Application 3;;cours;document;AMMAR-MECA-047;APPLICATION  3 - Correction.pdf;VIDEOS MECANIQUE AMMAR/FAST T1;médiathèque;les-bac-tech-meca-1-03
باك — علوم تقنية;Bac Technique - Mécanique;FAST;Application 3;;cours;document;AMMAR-MECA-048;APPLICATION  3.pdf;VIDEOS MECANIQUE AMMAR/FAST T1;médiathèque;les-bac-tech-meca-1-03
باك — علوم تقنية;Bac Technique - Mécanique;FAST;Application 4;;cours;vidéo;AMMAR-MECA-057;APPLICATION 4.mp4;VIDEOS MECANIQUE AMMAR/FAST T1;médiathèque;les-bac-tech-meca-1-04
باك — علوم تقنية;Bac Technique - Mécanique;FAST;Application 4;;cours;document;AMMAR-MECA-049;APPLICATION  4 - Correction.pdf;VIDEOS MECANIQUE AMMAR/FAST T1;médiathèque;les-bac-tech-meca-1-04
باك — علوم تقنية;Bac Technique - Mécanique;FAST;Application 4;;cours;document;AMMAR-MECA-050;APPLICATION  4.pdf;VIDEOS MECANIQUE AMMAR/FAST T1;médiathèque;les-bac-tech-meca-1-04
باك — علوم تقنية;Bac Technique - Mécanique;FAST;Application 5;;cours;vidéo;AMMAR-MECA-058;APPLICATION 5.mp4;VIDEOS MECANIQUE AMMAR/FAST T1;médiathèque;les-bac-tech-meca-1-05
باك — علوم تقنية;Bac Technique - Mécanique;FAST;Application 5;;cours;document;AMMAR-MECA-051;APPLICATION  5 -DESSIN DENSEMBLE.pdf;VIDEOS MECANIQUE AMMAR/FAST T1;médiathèque;les-bac-tech-meca-1-05
باك — علوم تقنية;Bac Technique - Mécanique;FAST;Application 5;;cours;document;AMMAR-MECA-052;APPLICATION  5- Correction.pdf;VIDEOS MECANIQUE AMMAR/FAST T1;médiathèque;les-bac-tech-meca-1-05
باك — علوم تقنية;Bac Technique - Mécanique;FAST;Application 5;;cours;document;AMMAR-MECA-053;APPLICATION  5.pdf;VIDEOS MECANIQUE AMMAR/FAST T1;médiathèque;les-bac-tech-meca-1-05
باك — علوم تقنية;Bac Technique - Mécanique;Cotation fonctionnelle;Application 1;;cours;vidéo;AMMAR-MECA-001;APPLICATION 1.mp4;VIDEOS MECANIQUE AMMAR/COTATION FONCTIONELLE  T1;médiathèque;les-bac-tech-meca-2-01
باك — علوم تقنية;Bac Technique - Mécanique;Cotation fonctionnelle;Application 1;;cours;document;AMMAR-MECA-007;CORRECTION COTATION FONCTIONNELLE-BAC 2027.pdf;VIDEOS MECANIQUE AMMAR/COTATION FONCTIONELLE  T1;médiathèque;les-bac-tech-meca-2-01
باك — علوم تقنية;Bac Technique - Mécanique;Cotation fonctionnelle;Application 1;;cours;document;AMMAR-MECA-008;COTATION FONCTIONNELLE  BAC 2027.pdf;VIDEOS MECANIQUE AMMAR/COTATION FONCTIONELLE  T1;médiathèque;les-bac-tech-meca-2-01
باك — علوم تقنية;Bac Technique - Mécanique;Cotation fonctionnelle;Application 2;;cours;vidéo;AMMAR-MECA-002;APPLICATION 2.mp4;VIDEOS MECANIQUE AMMAR/COTATION FONCTIONELLE  T1;médiathèque;les-bac-tech-meca-2-02
باك — علوم تقنية;Bac Technique - Mécanique;Cotation fonctionnelle;Application 2;;cours;document;AMMAR-MECA-007;CORRECTION COTATION FONCTIONNELLE-BAC 2027.pdf;VIDEOS MECANIQUE AMMAR/COTATION FONCTIONELLE  T1;médiathèque;les-bac-tech-meca-2-02
باك — علوم تقنية;Bac Technique - Mécanique;Cotation fonctionnelle;Application 2;;cours;document;AMMAR-MECA-008;COTATION FONCTIONNELLE  BAC 2027.pdf;VIDEOS MECANIQUE AMMAR/COTATION FONCTIONELLE  T1;médiathèque;les-bac-tech-meca-2-02
باك — علوم تقنية;Bac Technique - Mécanique;Cotation fonctionnelle;Application 3;;cours;vidéo;AMMAR-MECA-003;APPLICATION 3.mp4;VIDEOS MECANIQUE AMMAR/COTATION FONCTIONELLE  T1;médiathèque;les-bac-tech-meca-2-03
باك — علوم تقنية;Bac Technique - Mécanique;Cotation fonctionnelle;Application 3;;cours;document;AMMAR-MECA-007;CORRECTION COTATION FONCTIONNELLE-BAC 2027.pdf;VIDEOS MECANIQUE AMMAR/COTATION FONCTIONELLE  T1;médiathèque;les-bac-tech-meca-2-03
باك — علوم تقنية;Bac Technique - Mécanique;Cotation fonctionnelle;Application 3;;cours;document;AMMAR-MECA-008;COTATION FONCTIONNELLE  BAC 2027.pdf;VIDEOS MECANIQUE AMMAR/COTATION FONCTIONELLE  T1;médiathèque;les-bac-tech-meca-2-03
باك — علوم تقنية;Bac Technique - Mécanique;Cotation fonctionnelle;Application 4;;cours;vidéo;AMMAR-MECA-004;APPLICATION 4.mp4;VIDEOS MECANIQUE AMMAR/COTATION FONCTIONELLE  T1;médiathèque;les-bac-tech-meca-2-04
باك — علوم تقنية;Bac Technique - Mécanique;Cotation fonctionnelle;Application 4;;cours;document;AMMAR-MECA-007;CORRECTION COTATION FONCTIONNELLE-BAC 2027.pdf;VIDEOS MECANIQUE AMMAR/COTATION FONCTIONELLE  T1;médiathèque;les-bac-tech-meca-2-04
باك — علوم تقنية;Bac Technique - Mécanique;Cotation fonctionnelle;Application 4;;cours;document;AMMAR-MECA-008;COTATION FONCTIONNELLE  BAC 2027.pdf;VIDEOS MECANIQUE AMMAR/COTATION FONCTIONELLE  T1;médiathèque;les-bac-tech-meca-2-04
باك — علوم تقنية;Bac Technique - Mécanique;Cotation fonctionnelle;Application 5;;cours;vidéo;AMMAR-MECA-005;APPLICATION 5.mp4;VIDEOS MECANIQUE AMMAR/COTATION FONCTIONELLE  T1;médiathèque;les-bac-tech-meca-2-05
باك — علوم تقنية;Bac Technique - Mécanique;Cotation fonctionnelle;Application 5;;cours;document;AMMAR-MECA-007;CORRECTION COTATION FONCTIONNELLE-BAC 2027.pdf;VIDEOS MECANIQUE AMMAR/COTATION FONCTIONELLE  T1;médiathèque;les-bac-tech-meca-2-05
باك — علوم تقنية;Bac Technique - Mécanique;Cotation fonctionnelle;Application 5;;cours;document;AMMAR-MECA-008;COTATION FONCTIONNELLE  BAC 2027.pdf;VIDEOS MECANIQUE AMMAR/COTATION FONCTIONELLE  T1;médiathèque;les-bac-tech-meca-2-05
باك — علوم تقنية;Bac Technique - Mécanique;Cotation fonctionnelle;Application 6;;cours;vidéo;AMMAR-MECA-006;APPLICATION 6.mp4;VIDEOS MECANIQUE AMMAR/COTATION FONCTIONELLE  T1;médiathèque;les-bac-tech-meca-2-06
باك — علوم تقنية;Bac Technique - Mécanique;Cotation fonctionnelle;Application 6;;cours;document;AMMAR-MECA-007;CORRECTION COTATION FONCTIONNELLE-BAC 2027.pdf;VIDEOS MECANIQUE AMMAR/COTATION FONCTIONELLE  T1;médiathèque;les-bac-tech-meca-2-06
باك — علوم تقنية;Bac Technique - Mécanique;Cotation fonctionnelle;Application 6;;cours;document;AMMAR-MECA-008;COTATION FONCTIONNELLE  BAC 2027.pdf;VIDEOS MECANIQUE AMMAR/COTATION FONCTIONELLE  T1;médiathèque;les-bac-tech-meca-2-06
باك — علوم تقنية;Bac Technique - Mécanique;Dessin de définition;Application 1;;cours;vidéo;AMMAR-MECA-010;Application 1.mp4;VIDEOS MECANIQUE AMMAR/DESSIN DE DEFINITION T1;médiathèque;les-bac-tech-meca-3-01
باك — علوم تقنية;Bac Technique - Mécanique;Dessin de définition;Application 1;;cours;document;AMMAR-MECA-009;Application 1 - Correction.pdf;VIDEOS MECANIQUE AMMAR/DESSIN DE DEFINITION T1;médiathèque;les-bac-tech-meca-3-01
باك — علوم تقنية;Bac Technique - Mécanique;Dessin de définition;Application 1;;cours;document;AMMAR-MECA-011;Application 1.pdf;VIDEOS MECANIQUE AMMAR/DESSIN DE DEFINITION T1;médiathèque;les-bac-tech-meca-3-01
باك — علوم تقنية;Bac Technique - Mécanique;Dessin de définition;Application 2;;cours;vidéo;AMMAR-MECA-013;Application 2.mp4;VIDEOS MECANIQUE AMMAR/DESSIN DE DEFINITION T1;médiathèque;les-bac-tech-meca-3-02
باك — علوم تقنية;Bac Technique - Mécanique;Dessin de définition;Application 2;;cours;document;AMMAR-MECA-012;Application 2 - Correction.pdf;VIDEOS MECANIQUE AMMAR/DESSIN DE DEFINITION T1;médiathèque;les-bac-tech-meca-3-02
باك — علوم تقنية;Bac Technique - Mécanique;Dessin de définition;Application 2;;cours;document;AMMAR-MECA-014;Application 2.pdf;VIDEOS MECANIQUE AMMAR/DESSIN DE DEFINITION T1;médiathèque;les-bac-tech-meca-3-02
باك — علوم تقنية;Bac Technique - Mécanique;Dessin de définition;Application 3;;cours;vidéo;AMMAR-MECA-016;Application 3.mp4;VIDEOS MECANIQUE AMMAR/DESSIN DE DEFINITION T1;médiathèque;les-bac-tech-meca-3-03
باك — علوم تقنية;Bac Technique - Mécanique;Dessin de définition;Application 3;;cours;document;AMMAR-MECA-015;Application 3 - Correction.pdf;VIDEOS MECANIQUE AMMAR/DESSIN DE DEFINITION T1;médiathèque;les-bac-tech-meca-3-03
باك — علوم تقنية;Bac Technique - Mécanique;Dessin de définition;Application 3;;cours;document;AMMAR-MECA-017;Application 3.pdf;VIDEOS MECANIQUE AMMAR/DESSIN DE DEFINITION T1;médiathèque;les-bac-tech-meca-3-03
باك — علوم تقنية;Bac Technique - Mécanique;Dessin de définition;Application 4;;cours;vidéo;AMMAR-MECA-019;Application 4.mp4;VIDEOS MECANIQUE AMMAR/DESSIN DE DEFINITION T1;médiathèque;les-bac-tech-meca-3-04
باك — علوم تقنية;Bac Technique - Mécanique;Dessin de définition;Application 4;;cours;document;AMMAR-MECA-018;Application 4 - Correction.pdf;VIDEOS MECANIQUE AMMAR/DESSIN DE DEFINITION T1;médiathèque;les-bac-tech-meca-3-04
باك — علوم تقنية;Bac Technique - Mécanique;Dessin de définition;Application 4;;cours;document;AMMAR-MECA-020;Application 4.pdf;VIDEOS MECANIQUE AMMAR/DESSIN DE DEFINITION T1;médiathèque;les-bac-tech-meca-3-04
باك — اقتصاد وتصرّف;Bac Éco - فلسفة;محور الانية و الغيرية;تمهيد محور الإنية و الغيرية;;cours;vidéo;WALID-PHILO-009;تمهيد محور الإنية  1والغيرية.mp4;walid ferhi;médiathèque;les-bac-eco-philo-1-01
باك — اقتصاد وتصرّف;Bac Éco - فلسفة;محور الانية و الغيرية;تمهيد محور الإنية و الغيرية;;cours;document;WALID-PHILO-012;محور الإنية والغيرية.pdf;walid ferhi;médiathèque;les-bac-eco-philo-1-01
باك — اقتصاد وتصرّف;Bac Éco - فلسفة;محور الانية و الغيرية;تعالي الانية على الغيرية;;cours;vidéo;WALID-PHILO-008;تعالي الانية على الغيرية 2.mp4;walid ferhi;médiathèque;les-bac-eco-philo-1-02
باك — اقتصاد وتصرّف;Bac Éco - فلسفة;محور الانية و الغيرية;تعالي الانية على الغيرية;;cours;document;WALID-PHILO-012;محور الإنية والغيرية.pdf;walid ferhi;médiathèque;les-bac-eco-philo-1-02
باك — اقتصاد وتصرّف;Bac Éco - فلسفة;محور الانية و الغيرية;الانية بما هي ذات واعية (ديكارت);;cours;vidéo;WALID-PHILO-001;الانية بما هي ذات واعية (ديكارت) 3.mp4;walid ferhi;médiathèque;les-bac-eco-philo-1-03
باك — اقتصاد وتصرّف;Bac Éco - فلسفة;محور الانية و الغيرية;الانية بما هي ذات واعية (ديكارت);;cours;document;WALID-PHILO-012;محور الإنية والغيرية.pdf;walid ferhi;médiathèque;les-bac-eco-philo-1-03
باك — اقتصاد وتصرّف;Bac Éco - فلسفة;محور الانية و الغيرية;في جدلية الانية و الغيرية;;cours;vidéo;WALID-PHILO-011;في جدلية الانية و الغيرية 4.mp4;walid ferhi;médiathèque;les-bac-eco-philo-1-04
باك — اقتصاد وتصرّف;Bac Éco - فلسفة;محور الانية و الغيرية;في جدلية الانية و الغيرية;;cours;document;WALID-PHILO-012;محور الإنية والغيرية.pdf;walid ferhi;médiathèque;les-bac-eco-philo-1-04
باك — اقتصاد وتصرّف;Bac Éco - فلسفة;محور الانية و الغيرية;الذات المتجسدة;;cours;vidéo;WALID-PHILO-003;الذات المتجسدة 5.mp4;walid ferhi;médiathèque;les-bac-eco-philo-1-05
باك — اقتصاد وتصرّف;Bac Éco - فلسفة;محور الانية و الغيرية;الذات المتجسدة;;cours;document;WALID-PHILO-012;محور الإنية والغيرية.pdf;walid ferhi;médiathèque;les-bac-eco-philo-1-05
باك — اقتصاد وتصرّف;Bac Éco - فلسفة;محور الانية و الغيرية;تاسيس انطولوجيا جديدة للجسد;;cours;vidéo;WALID-PHILO-007;تاسيس انطولوجيا جديدة للجسد 6.mp4;walid ferhi;médiathèque;les-bac-eco-philo-1-06
باك — اقتصاد وتصرّف;Bac Éco - فلسفة;محور الانية و الغيرية;تاسيس انطولوجيا جديدة للجسد;;cours;document;WALID-PHILO-012;محور الإنية والغيرية.pdf;walid ferhi;médiathèque;les-bac-eco-philo-1-06
باك — اقتصاد وتصرّف;Bac Éco - فلسفة;محور الانية و الغيرية;الوعي بما هو تشكل تاريخي;;cours;vidéo;WALID-PHILO-005;الوعي بما هو تشكل تاريخي 7.mp4;walid ferhi;médiathèque;les-bac-eco-philo-1-07
باك — اقتصاد وتصرّف;Bac Éco - فلسفة;محور الانية و الغيرية;الوعي بما هو تشكل تاريخي;;cours;document;WALID-PHILO-012;محور الإنية والغيرية.pdf;walid ferhi;médiathèque;les-bac-eco-philo-1-07
باك — اقتصاد وتصرّف;Bac Éco - فلسفة;محور الانية و الغيرية;الوعي بناء تاريخي (ماركس);;cours;vidéo;WALID-PHILO-006;الوعي بناء تاريخي (ماركس) 8.mp4;walid ferhi;médiathèque;les-bac-eco-philo-1-08
باك — اقتصاد وتصرّف;Bac Éco - فلسفة;محور الانية و الغيرية;الوعي بناء تاريخي (ماركس);;cours;document;WALID-PHILO-012;محور الإنية والغيرية.pdf;walid ferhi;médiathèque;les-bac-eco-philo-1-08
باك — اقتصاد وتصرّف;Bac Éco - فلسفة;محور الانية و الغيرية;جدلية الوعي و اللاوعي;;cours;vidéo;WALID-PHILO-010;جدلية الوعي و اللاوعي 9.mp4;walid ferhi;médiathèque;les-bac-eco-philo-1-09
باك — اقتصاد وتصرّف;Bac Éco - فلسفة;محور الانية و الغيرية;جدلية الوعي و اللاوعي;;cours;document;WALID-PHILO-012;محور الإنية والغيرية.pdf;walid ferhi;médiathèque;les-bac-eco-philo-1-09
باك — اقتصاد وتصرّف;Bac Éco - فلسفة;محور الانية و الغيرية;التكامل بين الوعي و الاوعي;;cours;vidéo;WALID-PHILO-002;التكامل بين الوعي  10و اللاوعي.mp4;walid ferhi;médiathèque;les-bac-eco-philo-1-10
باك — اقتصاد وتصرّف;Bac Éco - فلسفة;محور الانية و الغيرية;التكامل بين الوعي و الاوعي;;cours;document;WALID-PHILO-012;محور الإنية والغيرية.pdf;walid ferhi;médiathèque;les-bac-eco-philo-1-10
باك — اقتصاد وتصرّف;Bac Éco - فلسفة;محور الانية و الغيرية;الغيرية كامنة في الذات;;cours;vidéo;WALID-PHILO-004;الغيرية كامنة في الذات 11.mp4;walid ferhi;médiathèque;les-bac-eco-philo-1-11
باك — اقتصاد وتصرّف;Bac Éco - فلسفة;محور الانية و الغيرية;الغيرية كامنة في الذات;;cours;document;WALID-PHILO-012;محور الإنية والغيرية.pdf;walid ferhi;médiathèque;les-bac-eco-philo-1-11
باك — علوم إعلامية;Bac Info - فلسفة;محور الانية و الغيرية;تمهيد محور الإنية و الغيرية;;cours;vidéo;WALID-PHILO-009;تمهيد محور الإنية  1والغيرية.mp4;walid ferhi;médiathèque;les-bac-info-philo-1-01
باك — علوم إعلامية;Bac Info - فلسفة;محور الانية و الغيرية;تمهيد محور الإنية و الغيرية;;cours;document;WALID-PHILO-012;محور الإنية والغيرية.pdf;walid ferhi;médiathèque;les-bac-info-philo-1-01
باك — علوم إعلامية;Bac Info - فلسفة;محور الانية و الغيرية;تعالي الانية على الغيرية;;cours;vidéo;WALID-PHILO-008;تعالي الانية على الغيرية 2.mp4;walid ferhi;médiathèque;les-bac-info-philo-1-02
باك — علوم إعلامية;Bac Info - فلسفة;محور الانية و الغيرية;تعالي الانية على الغيرية;;cours;document;WALID-PHILO-012;محور الإنية والغيرية.pdf;walid ferhi;médiathèque;les-bac-info-philo-1-02
باك — علوم إعلامية;Bac Info - فلسفة;محور الانية و الغيرية;الانية بما هي ذات واعية (ديكارت);;cours;vidéo;WALID-PHILO-001;الانية بما هي ذات واعية (ديكارت) 3.mp4;walid ferhi;médiathèque;les-bac-info-philo-1-03
باك — علوم إعلامية;Bac Info - فلسفة;محور الانية و الغيرية;الانية بما هي ذات واعية (ديكارت);;cours;document;WALID-PHILO-012;محور الإنية والغيرية.pdf;walid ferhi;médiathèque;les-bac-info-philo-1-03
باك — علوم إعلامية;Bac Info - فلسفة;محور الانية و الغيرية;في جدلية الانية و الغيرية;;cours;vidéo;WALID-PHILO-011;في جدلية الانية و الغيرية 4.mp4;walid ferhi;médiathèque;les-bac-info-philo-1-04
باك — علوم إعلامية;Bac Info - فلسفة;محور الانية و الغيرية;في جدلية الانية و الغيرية;;cours;document;WALID-PHILO-012;محور الإنية والغيرية.pdf;walid ferhi;médiathèque;les-bac-info-philo-1-04
باك — علوم إعلامية;Bac Info - فلسفة;محور الانية و الغيرية;الذات المتجسدة;;cours;vidéo;WALID-PHILO-003;الذات المتجسدة 5.mp4;walid ferhi;médiathèque;les-bac-info-philo-1-05
باك — علوم إعلامية;Bac Info - فلسفة;محور الانية و الغيرية;الذات المتجسدة;;cours;document;WALID-PHILO-012;محور الإنية والغيرية.pdf;walid ferhi;médiathèque;les-bac-info-philo-1-05
باك — علوم إعلامية;Bac Info - فلسفة;محور الانية و الغيرية;تاسيس انطولوجيا جديدة للجسد;;cours;vidéo;WALID-PHILO-007;تاسيس انطولوجيا جديدة للجسد 6.mp4;walid ferhi;médiathèque;les-bac-info-philo-1-06
باك — علوم إعلامية;Bac Info - فلسفة;محور الانية و الغيرية;تاسيس انطولوجيا جديدة للجسد;;cours;document;WALID-PHILO-012;محور الإنية والغيرية.pdf;walid ferhi;médiathèque;les-bac-info-philo-1-06
باك — علوم إعلامية;Bac Info - فلسفة;محور الانية و الغيرية;الوعي بما هو تشكل تاريخي;;cours;vidéo;WALID-PHILO-005;الوعي بما هو تشكل تاريخي 7.mp4;walid ferhi;médiathèque;les-bac-info-philo-1-07
باك — علوم إعلامية;Bac Info - فلسفة;محور الانية و الغيرية;الوعي بما هو تشكل تاريخي;;cours;document;WALID-PHILO-012;محور الإنية والغيرية.pdf;walid ferhi;médiathèque;les-bac-info-philo-1-07
باك — علوم إعلامية;Bac Info - فلسفة;محور الانية و الغيرية;الوعي بناء تاريخي (ماركس);;cours;vidéo;WALID-PHILO-006;الوعي بناء تاريخي (ماركس) 8.mp4;walid ferhi;médiathèque;les-bac-info-philo-1-08
باك — علوم إعلامية;Bac Info - فلسفة;محور الانية و الغيرية;الوعي بناء تاريخي (ماركس);;cours;document;WALID-PHILO-012;محور الإنية والغيرية.pdf;walid ferhi;médiathèque;les-bac-info-philo-1-08
باك — علوم إعلامية;Bac Info - فلسفة;محور الانية و الغيرية;جدلية الوعي و اللاوعي;;cours;vidéo;WALID-PHILO-010;جدلية الوعي و اللاوعي 9.mp4;walid ferhi;médiathèque;les-bac-info-philo-1-09
باك — علوم إعلامية;Bac Info - فلسفة;محور الانية و الغيرية;جدلية الوعي و اللاوعي;;cours;document;WALID-PHILO-012;محور الإنية والغيرية.pdf;walid ferhi;médiathèque;les-bac-info-philo-1-09
باك — علوم إعلامية;Bac Info - فلسفة;محور الانية و الغيرية;التكامل بين الوعي و الاوعي;;cours;vidéo;WALID-PHILO-002;التكامل بين الوعي  10و اللاوعي.mp4;walid ferhi;médiathèque;les-bac-info-philo-1-10
باك — علوم إعلامية;Bac Info - فلسفة;محور الانية و الغيرية;التكامل بين الوعي و الاوعي;;cours;document;WALID-PHILO-012;محور الإنية والغيرية.pdf;walid ferhi;médiathèque;les-bac-info-philo-1-10
باك — علوم إعلامية;Bac Info - فلسفة;محور الانية و الغيرية;الغيرية كامنة في الذات;;cours;vidéo;WALID-PHILO-004;الغيرية كامنة في الذات 11.mp4;walid ferhi;médiathèque;les-bac-info-philo-1-11
باك — علوم إعلامية;Bac Info - فلسفة;محور الانية و الغيرية;الغيرية كامنة في الذات;;cours;document;WALID-PHILO-012;محور الإنية والغيرية.pdf;walid ferhi;médiathèque;les-bac-info-philo-1-11
باك — آداب;Bac Lettres - فلسفة;محور الانية و الغيرية;تمهيد محور الإنية و الغيرية;;cours;vidéo;WALID-PHILO-009;تمهيد محور الإنية  1والغيرية.mp4;walid ferhi;médiathèque;les-bac-lettres-philo-1-01
باك — آداب;Bac Lettres - فلسفة;محور الانية و الغيرية;تمهيد محور الإنية و الغيرية;;cours;document;WALID-PHILO-012;محور الإنية والغيرية.pdf;walid ferhi;médiathèque;les-bac-lettres-philo-1-01
باك — آداب;Bac Lettres - فلسفة;محور الانية و الغيرية;تعالي الانية على الغيرية;;cours;vidéo;WALID-PHILO-008;تعالي الانية على الغيرية 2.mp4;walid ferhi;médiathèque;les-bac-lettres-philo-1-02
باك — آداب;Bac Lettres - فلسفة;محور الانية و الغيرية;تعالي الانية على الغيرية;;cours;document;WALID-PHILO-012;محور الإنية والغيرية.pdf;walid ferhi;médiathèque;les-bac-lettres-philo-1-02
باك — آداب;Bac Lettres - فلسفة;محور الانية و الغيرية;الانية بما هي ذات واعية (ديكارت);;cours;vidéo;WALID-PHILO-001;الانية بما هي ذات واعية (ديكارت) 3.mp4;walid ferhi;médiathèque;les-bac-lettres-philo-1-03
باك — آداب;Bac Lettres - فلسفة;محور الانية و الغيرية;الانية بما هي ذات واعية (ديكارت);;cours;document;WALID-PHILO-012;محور الإنية والغيرية.pdf;walid ferhi;médiathèque;les-bac-lettres-philo-1-03
باك — آداب;Bac Lettres - فلسفة;محور الانية و الغيرية;في جدلية الانية و الغيرية;;cours;vidéo;WALID-PHILO-011;في جدلية الانية و الغيرية 4.mp4;walid ferhi;médiathèque;les-bac-lettres-philo-1-04
باك — آداب;Bac Lettres - فلسفة;محور الانية و الغيرية;في جدلية الانية و الغيرية;;cours;document;WALID-PHILO-012;محور الإنية والغيرية.pdf;walid ferhi;médiathèque;les-bac-lettres-philo-1-04
باك — آداب;Bac Lettres - فلسفة;محور الانية و الغيرية;الذات المتجسدة;;cours;vidéo;WALID-PHILO-003;الذات المتجسدة 5.mp4;walid ferhi;médiathèque;les-bac-lettres-philo-1-05
باك — آداب;Bac Lettres - فلسفة;محور الانية و الغيرية;الذات المتجسدة;;cours;document;WALID-PHILO-012;محور الإنية والغيرية.pdf;walid ferhi;médiathèque;les-bac-lettres-philo-1-05
باك — آداب;Bac Lettres - فلسفة;محور الانية و الغيرية;تاسيس انطولوجيا جديدة للجسد;;cours;vidéo;WALID-PHILO-007;تاسيس انطولوجيا جديدة للجسد 6.mp4;walid ferhi;médiathèque;les-bac-lettres-philo-1-06
باك — آداب;Bac Lettres - فلسفة;محور الانية و الغيرية;تاسيس انطولوجيا جديدة للجسد;;cours;document;WALID-PHILO-012;محور الإنية والغيرية.pdf;walid ferhi;médiathèque;les-bac-lettres-philo-1-06
باك — آداب;Bac Lettres - فلسفة;محور الانية و الغيرية;الوعي بما هو تشكل تاريخي;;cours;vidéo;WALID-PHILO-005;الوعي بما هو تشكل تاريخي 7.mp4;walid ferhi;médiathèque;les-bac-lettres-philo-1-07
باك — آداب;Bac Lettres - فلسفة;محور الانية و الغيرية;الوعي بما هو تشكل تاريخي;;cours;document;WALID-PHILO-012;محور الإنية والغيرية.pdf;walid ferhi;médiathèque;les-bac-lettres-philo-1-07
باك — آداب;Bac Lettres - فلسفة;محور الانية و الغيرية;الوعي بناء تاريخي (ماركس);;cours;vidéo;WALID-PHILO-006;الوعي بناء تاريخي (ماركس) 8.mp4;walid ferhi;médiathèque;les-bac-lettres-philo-1-08
باك — آداب;Bac Lettres - فلسفة;محور الانية و الغيرية;الوعي بناء تاريخي (ماركس);;cours;document;WALID-PHILO-012;محور الإنية والغيرية.pdf;walid ferhi;médiathèque;les-bac-lettres-philo-1-08
باك — آداب;Bac Lettres - فلسفة;محور الانية و الغيرية;جدلية الوعي و اللاوعي;;cours;vidéo;WALID-PHILO-010;جدلية الوعي و اللاوعي 9.mp4;walid ferhi;médiathèque;les-bac-lettres-philo-1-09
باك — آداب;Bac Lettres - فلسفة;محور الانية و الغيرية;جدلية الوعي و اللاوعي;;cours;document;WALID-PHILO-012;محور الإنية والغيرية.pdf;walid ferhi;médiathèque;les-bac-lettres-philo-1-09
باك — آداب;Bac Lettres - فلسفة;محور الانية و الغيرية;التكامل بين الوعي و الاوعي;;cours;vidéo;WALID-PHILO-002;التكامل بين الوعي  10و اللاوعي.mp4;walid ferhi;médiathèque;les-bac-lettres-philo-1-10
باك — آداب;Bac Lettres - فلسفة;محور الانية و الغيرية;التكامل بين الوعي و الاوعي;;cours;document;WALID-PHILO-012;محور الإنية والغيرية.pdf;walid ferhi;médiathèque;les-bac-lettres-philo-1-10
باك — آداب;Bac Lettres - فلسفة;محور الانية و الغيرية;الغيرية كامنة في الذات;;cours;vidéo;WALID-PHILO-004;الغيرية كامنة في الذات 11.mp4;walid ferhi;médiathèque;les-bac-lettres-philo-1-11
باك — آداب;Bac Lettres - فلسفة;محور الانية و الغيرية;الغيرية كامنة في الذات;;cours;document;WALID-PHILO-012;محور الإنية والغيرية.pdf;walid ferhi;médiathèque;les-bac-lettres-philo-1-11
باك — رياضيات;Bac Math - فلسفة;محور الانية و الغيرية;تمهيد محور الإنية و الغيرية;;cours;vidéo;WALID-PHILO-009;تمهيد محور الإنية  1والغيرية.mp4;walid ferhi;médiathèque;les-bac-math-philo-1-01
باك — رياضيات;Bac Math - فلسفة;محور الانية و الغيرية;تمهيد محور الإنية و الغيرية;;cours;document;WALID-PHILO-012;محور الإنية والغيرية.pdf;walid ferhi;médiathèque;les-bac-math-philo-1-01
باك — رياضيات;Bac Math - فلسفة;محور الانية و الغيرية;تعالي الانية على الغيرية;;cours;vidéo;WALID-PHILO-008;تعالي الانية على الغيرية 2.mp4;walid ferhi;médiathèque;les-bac-math-philo-1-02
باك — رياضيات;Bac Math - فلسفة;محور الانية و الغيرية;تعالي الانية على الغيرية;;cours;document;WALID-PHILO-012;محور الإنية والغيرية.pdf;walid ferhi;médiathèque;les-bac-math-philo-1-02
باك — رياضيات;Bac Math - فلسفة;محور الانية و الغيرية;الانية بما هي ذات واعية (ديكارت);;cours;vidéo;WALID-PHILO-001;الانية بما هي ذات واعية (ديكارت) 3.mp4;walid ferhi;médiathèque;les-bac-math-philo-1-03
باك — رياضيات;Bac Math - فلسفة;محور الانية و الغيرية;الانية بما هي ذات واعية (ديكارت);;cours;document;WALID-PHILO-012;محور الإنية والغيرية.pdf;walid ferhi;médiathèque;les-bac-math-philo-1-03
باك — رياضيات;Bac Math - فلسفة;محور الانية و الغيرية;في جدلية الانية و الغيرية;;cours;vidéo;WALID-PHILO-011;في جدلية الانية و الغيرية 4.mp4;walid ferhi;médiathèque;les-bac-math-philo-1-04
باك — رياضيات;Bac Math - فلسفة;محور الانية و الغيرية;في جدلية الانية و الغيرية;;cours;document;WALID-PHILO-012;محور الإنية والغيرية.pdf;walid ferhi;médiathèque;les-bac-math-philo-1-04
باك — رياضيات;Bac Math - فلسفة;محور الانية و الغيرية;الذات المتجسدة;;cours;vidéo;WALID-PHILO-003;الذات المتجسدة 5.mp4;walid ferhi;médiathèque;les-bac-math-philo-1-05
باك — رياضيات;Bac Math - فلسفة;محور الانية و الغيرية;الذات المتجسدة;;cours;document;WALID-PHILO-012;محور الإنية والغيرية.pdf;walid ferhi;médiathèque;les-bac-math-philo-1-05
باك — رياضيات;Bac Math - فلسفة;محور الانية و الغيرية;تاسيس انطولوجيا جديدة للجسد;;cours;vidéo;WALID-PHILO-007;تاسيس انطولوجيا جديدة للجسد 6.mp4;walid ferhi;médiathèque;les-bac-math-philo-1-06
باك — رياضيات;Bac Math - فلسفة;محور الانية و الغيرية;تاسيس انطولوجيا جديدة للجسد;;cours;document;WALID-PHILO-012;محور الإنية والغيرية.pdf;walid ferhi;médiathèque;les-bac-math-philo-1-06
باك — رياضيات;Bac Math - فلسفة;محور الانية و الغيرية;الوعي بما هو تشكل تاريخي;;cours;vidéo;WALID-PHILO-005;الوعي بما هو تشكل تاريخي 7.mp4;walid ferhi;médiathèque;les-bac-math-philo-1-07
باك — رياضيات;Bac Math - فلسفة;محور الانية و الغيرية;الوعي بما هو تشكل تاريخي;;cours;document;WALID-PHILO-012;محور الإنية والغيرية.pdf;walid ferhi;médiathèque;les-bac-math-philo-1-07
باك — رياضيات;Bac Math - فلسفة;محور الانية و الغيرية;الوعي بناء تاريخي (ماركس);;cours;vidéo;WALID-PHILO-006;الوعي بناء تاريخي (ماركس) 8.mp4;walid ferhi;médiathèque;les-bac-math-philo-1-08
باك — رياضيات;Bac Math - فلسفة;محور الانية و الغيرية;الوعي بناء تاريخي (ماركس);;cours;document;WALID-PHILO-012;محور الإنية والغيرية.pdf;walid ferhi;médiathèque;les-bac-math-philo-1-08
باك — رياضيات;Bac Math - فلسفة;محور الانية و الغيرية;جدلية الوعي و اللاوعي;;cours;vidéo;WALID-PHILO-010;جدلية الوعي و اللاوعي 9.mp4;walid ferhi;médiathèque;les-bac-math-philo-1-09
باك — رياضيات;Bac Math - فلسفة;محور الانية و الغيرية;جدلية الوعي و اللاوعي;;cours;document;WALID-PHILO-012;محور الإنية والغيرية.pdf;walid ferhi;médiathèque;les-bac-math-philo-1-09
باك — رياضيات;Bac Math - فلسفة;محور الانية و الغيرية;التكامل بين الوعي و الاوعي;;cours;vidéo;WALID-PHILO-002;التكامل بين الوعي  10و اللاوعي.mp4;walid ferhi;médiathèque;les-bac-math-philo-1-10
باك — رياضيات;Bac Math - فلسفة;محور الانية و الغيرية;التكامل بين الوعي و الاوعي;;cours;document;WALID-PHILO-012;محور الإنية والغيرية.pdf;walid ferhi;médiathèque;les-bac-math-philo-1-10
باك — رياضيات;Bac Math - فلسفة;محور الانية و الغيرية;الغيرية كامنة في الذات;;cours;vidéo;WALID-PHILO-004;الغيرية كامنة في الذات 11.mp4;walid ferhi;médiathèque;les-bac-math-philo-1-11
باك — رياضيات;Bac Math - فلسفة;محور الانية و الغيرية;الغيرية كامنة في الذات;;cours;document;WALID-PHILO-012;محور الإنية والغيرية.pdf;walid ferhi;médiathèque;les-bac-math-philo-1-11
باك — علوم تقنية;Bac Technique - فلسفة;محور الانية و الغيرية;تمهيد محور الإنية و الغيرية;;cours;vidéo;WALID-PHILO-009;تمهيد محور الإنية  1والغيرية.mp4;walid ferhi;médiathèque;les-bac-tech-philo-1-01
باك — علوم تقنية;Bac Technique - فلسفة;محور الانية و الغيرية;تمهيد محور الإنية و الغيرية;;cours;document;WALID-PHILO-012;محور الإنية والغيرية.pdf;walid ferhi;médiathèque;les-bac-tech-philo-1-01
باك — علوم تقنية;Bac Technique - فلسفة;محور الانية و الغيرية;تعالي الانية على الغيرية;;cours;vidéo;WALID-PHILO-008;تعالي الانية على الغيرية 2.mp4;walid ferhi;médiathèque;les-bac-tech-philo-1-02
باك — علوم تقنية;Bac Technique - فلسفة;محور الانية و الغيرية;تعالي الانية على الغيرية;;cours;document;WALID-PHILO-012;محور الإنية والغيرية.pdf;walid ferhi;médiathèque;les-bac-tech-philo-1-02
باك — علوم تقنية;Bac Technique - فلسفة;محور الانية و الغيرية;الانية بما هي ذات واعية (ديكارت);;cours;vidéo;WALID-PHILO-001;الانية بما هي ذات واعية (ديكارت) 3.mp4;walid ferhi;médiathèque;les-bac-tech-philo-1-03
باك — علوم تقنية;Bac Technique - فلسفة;محور الانية و الغيرية;الانية بما هي ذات واعية (ديكارت);;cours;document;WALID-PHILO-012;محور الإنية والغيرية.pdf;walid ferhi;médiathèque;les-bac-tech-philo-1-03
باك — علوم تقنية;Bac Technique - فلسفة;محور الانية و الغيرية;في جدلية الانية و الغيرية;;cours;vidéo;WALID-PHILO-011;في جدلية الانية و الغيرية 4.mp4;walid ferhi;médiathèque;les-bac-tech-philo-1-04
باك — علوم تقنية;Bac Technique - فلسفة;محور الانية و الغيرية;في جدلية الانية و الغيرية;;cours;document;WALID-PHILO-012;محور الإنية والغيرية.pdf;walid ferhi;médiathèque;les-bac-tech-philo-1-04
باك — علوم تقنية;Bac Technique - فلسفة;محور الانية و الغيرية;الذات المتجسدة;;cours;vidéo;WALID-PHILO-003;الذات المتجسدة 5.mp4;walid ferhi;médiathèque;les-bac-tech-philo-1-05
باك — علوم تقنية;Bac Technique - فلسفة;محور الانية و الغيرية;الذات المتجسدة;;cours;document;WALID-PHILO-012;محور الإنية والغيرية.pdf;walid ferhi;médiathèque;les-bac-tech-philo-1-05
باك — علوم تقنية;Bac Technique - فلسفة;محور الانية و الغيرية;تاسيس انطولوجيا جديدة للجسد;;cours;vidéo;WALID-PHILO-007;تاسيس انطولوجيا جديدة للجسد 6.mp4;walid ferhi;médiathèque;les-bac-tech-philo-1-06
باك — علوم تقنية;Bac Technique - فلسفة;محور الانية و الغيرية;تاسيس انطولوجيا جديدة للجسد;;cours;document;WALID-PHILO-012;محور الإنية والغيرية.pdf;walid ferhi;médiathèque;les-bac-tech-philo-1-06
باك — علوم تقنية;Bac Technique - فلسفة;محور الانية و الغيرية;الوعي بما هو تشكل تاريخي;;cours;vidéo;WALID-PHILO-005;الوعي بما هو تشكل تاريخي 7.mp4;walid ferhi;médiathèque;les-bac-tech-philo-1-07
باك — علوم تقنية;Bac Technique - فلسفة;محور الانية و الغيرية;الوعي بما هو تشكل تاريخي;;cours;document;WALID-PHILO-012;محور الإنية والغيرية.pdf;walid ferhi;médiathèque;les-bac-tech-philo-1-07
باك — علوم تقنية;Bac Technique - فلسفة;محور الانية و الغيرية;الوعي بناء تاريخي (ماركس);;cours;vidéo;WALID-PHILO-006;الوعي بناء تاريخي (ماركس) 8.mp4;walid ferhi;médiathèque;les-bac-tech-philo-1-08
باك — علوم تقنية;Bac Technique - فلسفة;محور الانية و الغيرية;الوعي بناء تاريخي (ماركس);;cours;document;WALID-PHILO-012;محور الإنية والغيرية.pdf;walid ferhi;médiathèque;les-bac-tech-philo-1-08
باك — علوم تقنية;Bac Technique - فلسفة;محور الانية و الغيرية;جدلية الوعي و اللاوعي;;cours;vidéo;WALID-PHILO-010;جدلية الوعي و اللاوعي 9.mp4;walid ferhi;médiathèque;les-bac-tech-philo-1-09
باك — علوم تقنية;Bac Technique - فلسفة;محور الانية و الغيرية;جدلية الوعي و اللاوعي;;cours;document;WALID-PHILO-012;محور الإنية والغيرية.pdf;walid ferhi;médiathèque;les-bac-tech-philo-1-09
باك — علوم تقنية;Bac Technique - فلسفة;محور الانية و الغيرية;التكامل بين الوعي و الاوعي;;cours;vidéo;WALID-PHILO-002;التكامل بين الوعي  10و اللاوعي.mp4;walid ferhi;médiathèque;les-bac-tech-philo-1-10
باك — علوم تقنية;Bac Technique - فلسفة;محور الانية و الغيرية;التكامل بين الوعي و الاوعي;;cours;document;WALID-PHILO-012;محور الإنية والغيرية.pdf;walid ferhi;médiathèque;les-bac-tech-philo-1-10
باك — علوم تقنية;Bac Technique - فلسفة;محور الانية و الغيرية;الغيرية كامنة في الذات;;cours;vidéo;WALID-PHILO-004;الغيرية كامنة في الذات 11.mp4;walid ferhi;médiathèque;les-bac-tech-philo-1-11
باك — علوم تقنية;Bac Technique - فلسفة;محور الانية و الغيرية;الغيرية كامنة في الذات;;cours;document;WALID-PHILO-012;محور الإنية والغيرية.pdf;walid ferhi;médiathèque;les-bac-tech-philo-1-11
باك — اقتصاد وتصرّف;Bac Éco - Français;Module 1 : Souvenirs et nostalgie;Vocabulaire;;cours;vidéo;RAOUEDHA-FR-017;souvenirs et nostalgie  vocabulaire.mp4;Raouedha erguez FRANCAIS/Trimestre 1/Module1 _souvenirs et nostalgie_;médiathèque;les-bac-eco-fr-1-01
باك — اقتصاد وتصرّف;Bac Éco - Français;Module 1 : Souvenirs et nostalgie;Vocabulaire;;cours;document;RAOUEDHA-FR-018;souvenirs et nostalgie vovabulaire.pdf;Raouedha erguez FRANCAIS/Trimestre 1/Module1 _souvenirs et nostalgie_;médiathèque;les-bac-eco-fr-1-01
باك — اقتصاد وتصرّف;Bac Éco - Français;Module 1 : Souvenirs et nostalgie;La cause et la conséquence;La Cause et la conséquence;cours;vidéo;RAOUEDHA-FR-012;la cause et la conséquence.mp4;Raouedha erguez FRANCAIS/Trimestre 1/Module1 _souvenirs et nostalgie_;médiathèque;les-bac-eco-fr-1-02
باك — اقتصاد وتصرّف;Bac Éco - Français;Module 1 : Souvenirs et nostalgie;La cause et la conséquence;La Cause et la conséquence;cours;document;RAOUEDHA-FR-013;La cause et la conséquence.pdf;Raouedha erguez FRANCAIS/Trimestre 1/Module1 _souvenirs et nostalgie_;médiathèque;les-bac-eco-fr-1-02
باك — اقتصاد وتصرّف;Bac Éco - Français;Module 1 : Souvenirs et nostalgie;Exercice cause et conséquence;;exercice;vidéo;RAOUEDHA-FR-010;la cause et la conséquence exercices MM.mp4;Raouedha erguez FRANCAIS/Trimestre 1/Module1 _souvenirs et nostalgie_;médiathèque;les-bac-eco-fr-1-03
باك — اقتصاد وتصرّف;Bac Éco - Français;Module 1 : Souvenirs et nostalgie;Exercice cause et conséquence;;exercice;document;RAOUEDHA-FR-011;la cause et la conséquence exercices.pdf;Raouedha erguez FRANCAIS/Trimestre 1/Module1 _souvenirs et nostalgie_;médiathèque;les-bac-eco-fr-1-03
باك — اقتصاد وتصرّف;Bac Éco - Français;Module 1 : Souvenirs et nostalgie;Texte explicatif, texte argumentatif : quelle différence ?;Texte explicatif texte argumentatif quelle différence ?;cours;vidéo;RAOUEDHA-FR-019;texte explicatif texte argumentatif quelle différence.mp4;Raouedha erguez FRANCAIS/Trimestre 1/Module1 _souvenirs et nostalgie_;médiathèque;les-bac-eco-fr-1-04
باك — اقتصاد وتصرّف;Bac Éco - Français;Module 1 : Souvenirs et nostalgie;Texte explicatif, texte argumentatif : quelle différence ?;Texte explicatif texte argumentatif quelle différence ?;cours;document;RAOUEDHA-FR-014;Module1 le txt explicatif le txt argumentatif quelle différence BS (1).pdf;Raouedha erguez FRANCAIS/Trimestre 1/Module1 _souvenirs et nostalgie_;médiathèque;les-bac-eco-fr-1-04
باك — اقتصاد وتصرّف;Bac Éco - Français;Module 1 : Souvenirs et nostalgie;Expression écrite : texte explicatif;;cours;vidéo;RAOUEDHA-FR-020;texte explicatif1.mp4;Raouedha erguez FRANCAIS/Trimestre 1/Module1 _souvenirs et nostalgie_;médiathèque;les-bac-eco-fr-1-05
باك — اقتصاد وتصرّف;Bac Éco - Français;Module 1 : Souvenirs et nostalgie;Expression écrite : texte explicatif;;cours;document;RAOUEDHA-FR-021;texte explicatif2(1).pdf;Raouedha erguez FRANCAIS/Trimestre 1/Module1 _souvenirs et nostalgie_;médiathèque;les-bac-eco-fr-1-05
باك — اقتصاد وتصرّف;Bac Éco - Français;Module 1 : Souvenirs et nostalgie;Expression écrite : texte explicatif (application);Expression Ecrite : texte explicatif Application;cours;vidéo;RAOUEDHA-FR-022;texte explicatif2.mp4;Raouedha erguez FRANCAIS/Trimestre 1/Module1 _souvenirs et nostalgie_;médiathèque;les-bac-eco-fr-1-06
باك — اقتصاد وتصرّف;Bac Éco - Français;Module 1 : Souvenirs et nostalgie;Expression écrite : texte explicatif (application);Expression Ecrite : texte explicatif Application;cours;document;RAOUEDHA-FR-023;texte explicatif2.pdf;Raouedha erguez FRANCAIS/Trimestre 1/Module1 _souvenirs et nostalgie_;médiathèque;les-bac-eco-fr-1-06
باك — اقتصاد وتصرّف;Bac Éco - Français;Module 1 : Souvenirs et nostalgie;Étude de texte : lire et comprendre une question de compréhension;Etude de texte : lire comprendre une question de compréhension;cours;vidéo;RAOUEDHA-FR-025;étude de texte lire et comprendre une question de compréhension.mp4;Raouedha erguez FRANCAIS/Trimestre 1/Module1 _souvenirs et nostalgie_;médiathèque;les-bac-eco-fr-1-07
باك — اقتصاد وتصرّف;Bac Éco - Français;Module 1 : Souvenirs et nostalgie;Étude de texte : lire et comprendre une question de compréhension;Etude de texte : lire comprendre une question de compréhension;cours;document;RAOUEDHA-FR-024;étude de texte lire comprendre une question de compréhension.pdf;Raouedha erguez FRANCAIS/Trimestre 1/Module1 _souvenirs et nostalgie_;médiathèque;les-bac-eco-fr-1-07
باك — اقتصاد وتصرّف;Bac Éco - Français;Module 1 : Souvenirs et nostalgie;Répondre à une question portant sur les procédés d'écriture (application);Répondre à une question portant sur les procédés d'écriture application;cours;vidéo;RAOUEDHA-FR-016;répondre à une question portant sur les procésés d_écriture.mp4;Raouedha erguez FRANCAIS/Trimestre 1/Module1 _souvenirs et nostalgie_;médiathèque;les-bac-eco-fr-1-08
باك — اقتصاد وتصرّف;Bac Éco - Français;Module 1 : Souvenirs et nostalgie;Répondre à une question portant sur les procédés d'écriture (application);Répondre à une question portant sur les procédés d'écriture application;cours;document;RAOUEDHA-FR-015;Répondre à une question portant sur les procédés d_écriture application.pdf;Raouedha erguez FRANCAIS/Trimestre 1/Module1 _souvenirs et nostalgie_;médiathèque;les-bac-eco-fr-1-08
باك — اقتصاد وتصرّف;Bac Éco - Français;Module 2 : Histoire d'amour;Le but;Le But;cours;vidéo;RAOUEDHA-FR-007;le but.mp4;Raouedha erguez FRANCAIS/Trimestre 1/Module 2 _Histoires d_amour_;médiathèque;les-bac-eco-fr-2-01
باك — اقتصاد وتصرّف;Bac Éco - Français;Module 2 : Histoire d'amour;Le but;Le But;cours;document;RAOUEDHA-FR-001;Activité langue le but BS.pdf;Raouedha erguez FRANCAIS/Trimestre 1/Module 2 _Histoires d_amour_;médiathèque;les-bac-eco-fr-2-01
باك — اقتصاد وتصرّف;Bac Éco - Français;Module 2 : Histoire d'amour;Le but : exercices;Le but exercices;exercice;vidéo;RAOUEDHA-FR-005;le but exercices.mp4;Raouedha erguez FRANCAIS/Trimestre 1/Module 2 _Histoires d_amour_;médiathèque;les-bac-eco-fr-2-02
باك — اقتصاد وتصرّف;Bac Éco - Français;Module 2 : Histoire d'amour;Le but : exercices;Le but exercices;exercice;document;RAOUEDHA-FR-006;Le but exercices.pdf;Raouedha erguez FRANCAIS/Trimestre 1/Module 2 _Histoires d_amour_;médiathèque;les-bac-eco-fr-2-02
باك — اقتصاد وتصرّف;Bac Éco - Français;Module 2 : Histoire d'amour;Étude de texte : répondre aux questions de compréhension;Etude de texte : répondre aux questions de compréhension;cours;vidéo;RAOUEDHA-FR-008;étude de texte répondre aux questions de compréhension.mp4;Raouedha erguez FRANCAIS/Trimestre 1/Module 2 _Histoires d_amour_;médiathèque;les-bac-eco-fr-2-03
باك — اقتصاد وتصرّف;Bac Éco - Français;Module 2 : Histoire d'amour;Étude de texte : répondre aux questions de compréhension;Etude de texte : répondre aux questions de compréhension;cours;document;RAOUEDHA-FR-009;étude de texte répondre aux questions de compréhension.pdf;Raouedha erguez FRANCAIS/Trimestre 1/Module 2 _Histoires d_amour_;médiathèque;les-bac-eco-fr-2-03
باك — اقتصاد وتصرّف;Bac Éco - Français;Module 2 : Histoire d'amour;Expression écrite : le point de vue absolu;;cours;vidéo;RAOUEDHA-FR-003;expression écrite le point de vue absolu.mp4;Raouedha erguez FRANCAIS/Trimestre 1/Module 2 _Histoires d_amour_;médiathèque;les-bac-eco-fr-2-04
باك — اقتصاد وتصرّف;Bac Éco - Français;Module 2 : Histoire d'amour;Expression écrite : le point de vue absolu;;cours;document;RAOUEDHA-FR-002;expression écrite le point de vue absolu   pt absolu.pdf;Raouedha erguez FRANCAIS/Trimestre 1/Module 2 _Histoires d_amour_;médiathèque;les-bac-eco-fr-2-04
باك — علوم إعلامية;Bac Info - Français;Module 1 : Souvenirs et nostalgie;Vocabulaire;;cours;vidéo;RAOUEDHA-FR-017;souvenirs et nostalgie  vocabulaire.mp4;Raouedha erguez FRANCAIS/Trimestre 1/Module1 _souvenirs et nostalgie_;médiathèque;les-bac-info-fr-1-01
باك — علوم إعلامية;Bac Info - Français;Module 1 : Souvenirs et nostalgie;Vocabulaire;;cours;document;RAOUEDHA-FR-018;souvenirs et nostalgie vovabulaire.pdf;Raouedha erguez FRANCAIS/Trimestre 1/Module1 _souvenirs et nostalgie_;médiathèque;les-bac-info-fr-1-01
باك — علوم إعلامية;Bac Info - Français;Module 1 : Souvenirs et nostalgie;La cause et la conséquence;La Cause et la conséquence;cours;vidéo;RAOUEDHA-FR-012;la cause et la conséquence.mp4;Raouedha erguez FRANCAIS/Trimestre 1/Module1 _souvenirs et nostalgie_;médiathèque;les-bac-info-fr-1-02
باك — علوم إعلامية;Bac Info - Français;Module 1 : Souvenirs et nostalgie;La cause et la conséquence;La Cause et la conséquence;cours;document;RAOUEDHA-FR-013;La cause et la conséquence.pdf;Raouedha erguez FRANCAIS/Trimestre 1/Module1 _souvenirs et nostalgie_;médiathèque;les-bac-info-fr-1-02
باك — علوم إعلامية;Bac Info - Français;Module 1 : Souvenirs et nostalgie;Exercice cause et conséquence;;exercice;vidéo;RAOUEDHA-FR-010;la cause et la conséquence exercices MM.mp4;Raouedha erguez FRANCAIS/Trimestre 1/Module1 _souvenirs et nostalgie_;médiathèque;les-bac-info-fr-1-03
باك — علوم إعلامية;Bac Info - Français;Module 1 : Souvenirs et nostalgie;Exercice cause et conséquence;;exercice;document;RAOUEDHA-FR-011;la cause et la conséquence exercices.pdf;Raouedha erguez FRANCAIS/Trimestre 1/Module1 _souvenirs et nostalgie_;médiathèque;les-bac-info-fr-1-03
باك — علوم إعلامية;Bac Info - Français;Module 1 : Souvenirs et nostalgie;Texte explicatif, texte argumentatif : quelle différence ?;Texte explicatif texte argumentatif quelle différence ?;cours;vidéo;RAOUEDHA-FR-019;texte explicatif texte argumentatif quelle différence.mp4;Raouedha erguez FRANCAIS/Trimestre 1/Module1 _souvenirs et nostalgie_;médiathèque;les-bac-info-fr-1-04
باك — علوم إعلامية;Bac Info - Français;Module 1 : Souvenirs et nostalgie;Texte explicatif, texte argumentatif : quelle différence ?;Texte explicatif texte argumentatif quelle différence ?;cours;document;RAOUEDHA-FR-014;Module1 le txt explicatif le txt argumentatif quelle différence BS (1).pdf;Raouedha erguez FRANCAIS/Trimestre 1/Module1 _souvenirs et nostalgie_;médiathèque;les-bac-info-fr-1-04
باك — علوم إعلامية;Bac Info - Français;Module 1 : Souvenirs et nostalgie;Expression écrite : texte explicatif;;cours;vidéo;RAOUEDHA-FR-020;texte explicatif1.mp4;Raouedha erguez FRANCAIS/Trimestre 1/Module1 _souvenirs et nostalgie_;médiathèque;les-bac-info-fr-1-05
باك — علوم إعلامية;Bac Info - Français;Module 1 : Souvenirs et nostalgie;Expression écrite : texte explicatif;;cours;document;RAOUEDHA-FR-021;texte explicatif2(1).pdf;Raouedha erguez FRANCAIS/Trimestre 1/Module1 _souvenirs et nostalgie_;médiathèque;les-bac-info-fr-1-05
باك — علوم إعلامية;Bac Info - Français;Module 1 : Souvenirs et nostalgie;Expression écrite : texte explicatif (application);Expression Ecrite : texte explicatif Application;cours;vidéo;RAOUEDHA-FR-022;texte explicatif2.mp4;Raouedha erguez FRANCAIS/Trimestre 1/Module1 _souvenirs et nostalgie_;médiathèque;les-bac-info-fr-1-06
باك — علوم إعلامية;Bac Info - Français;Module 1 : Souvenirs et nostalgie;Expression écrite : texte explicatif (application);Expression Ecrite : texte explicatif Application;cours;document;RAOUEDHA-FR-023;texte explicatif2.pdf;Raouedha erguez FRANCAIS/Trimestre 1/Module1 _souvenirs et nostalgie_;médiathèque;les-bac-info-fr-1-06
باك — علوم إعلامية;Bac Info - Français;Module 1 : Souvenirs et nostalgie;Étude de texte : lire et comprendre une question de compréhension;Etude de texte : lire comprendre une question de compréhension;cours;vidéo;RAOUEDHA-FR-025;étude de texte lire et comprendre une question de compréhension.mp4;Raouedha erguez FRANCAIS/Trimestre 1/Module1 _souvenirs et nostalgie_;médiathèque;les-bac-info-fr-1-07
باك — علوم إعلامية;Bac Info - Français;Module 1 : Souvenirs et nostalgie;Étude de texte : lire et comprendre une question de compréhension;Etude de texte : lire comprendre une question de compréhension;cours;document;RAOUEDHA-FR-024;étude de texte lire comprendre une question de compréhension.pdf;Raouedha erguez FRANCAIS/Trimestre 1/Module1 _souvenirs et nostalgie_;médiathèque;les-bac-info-fr-1-07
باك — علوم إعلامية;Bac Info - Français;Module 1 : Souvenirs et nostalgie;Répondre à une question portant sur les procédés d'écriture (application);Répondre à une question portant sur les procédés d'écriture application;cours;vidéo;RAOUEDHA-FR-016;répondre à une question portant sur les procésés d_écriture.mp4;Raouedha erguez FRANCAIS/Trimestre 1/Module1 _souvenirs et nostalgie_;médiathèque;les-bac-info-fr-1-08
باك — علوم إعلامية;Bac Info - Français;Module 1 : Souvenirs et nostalgie;Répondre à une question portant sur les procédés d'écriture (application);Répondre à une question portant sur les procédés d'écriture application;cours;document;RAOUEDHA-FR-015;Répondre à une question portant sur les procédés d_écriture application.pdf;Raouedha erguez FRANCAIS/Trimestre 1/Module1 _souvenirs et nostalgie_;médiathèque;les-bac-info-fr-1-08
باك — علوم إعلامية;Bac Info - Français;Module 2 : Histoire d'amour;Le but;Le But;cours;vidéo;RAOUEDHA-FR-007;le but.mp4;Raouedha erguez FRANCAIS/Trimestre 1/Module 2 _Histoires d_amour_;médiathèque;les-bac-info-fr-2-01
باك — علوم إعلامية;Bac Info - Français;Module 2 : Histoire d'amour;Le but;Le But;cours;document;RAOUEDHA-FR-001;Activité langue le but BS.pdf;Raouedha erguez FRANCAIS/Trimestre 1/Module 2 _Histoires d_amour_;médiathèque;les-bac-info-fr-2-01
باك — علوم إعلامية;Bac Info - Français;Module 2 : Histoire d'amour;Le but : exercices;Le but exercices;exercice;vidéo;RAOUEDHA-FR-005;le but exercices.mp4;Raouedha erguez FRANCAIS/Trimestre 1/Module 2 _Histoires d_amour_;médiathèque;les-bac-info-fr-2-02
باك — علوم إعلامية;Bac Info - Français;Module 2 : Histoire d'amour;Le but : exercices;Le but exercices;exercice;document;RAOUEDHA-FR-006;Le but exercices.pdf;Raouedha erguez FRANCAIS/Trimestre 1/Module 2 _Histoires d_amour_;médiathèque;les-bac-info-fr-2-02
باك — علوم إعلامية;Bac Info - Français;Module 2 : Histoire d'amour;Étude de texte : répondre aux questions de compréhension;Etude de texte : répondre aux questions de compréhension;cours;vidéo;RAOUEDHA-FR-008;étude de texte répondre aux questions de compréhension.mp4;Raouedha erguez FRANCAIS/Trimestre 1/Module 2 _Histoires d_amour_;médiathèque;les-bac-info-fr-2-03
باك — علوم إعلامية;Bac Info - Français;Module 2 : Histoire d'amour;Étude de texte : répondre aux questions de compréhension;Etude de texte : répondre aux questions de compréhension;cours;document;RAOUEDHA-FR-009;étude de texte répondre aux questions de compréhension.pdf;Raouedha erguez FRANCAIS/Trimestre 1/Module 2 _Histoires d_amour_;médiathèque;les-bac-info-fr-2-03
باك — علوم إعلامية;Bac Info - Français;Module 2 : Histoire d'amour;Expression écrite : le point de vue absolu;;cours;vidéo;RAOUEDHA-FR-003;expression écrite le point de vue absolu.mp4;Raouedha erguez FRANCAIS/Trimestre 1/Module 2 _Histoires d_amour_;médiathèque;les-bac-info-fr-2-04
باك — علوم إعلامية;Bac Info - Français;Module 2 : Histoire d'amour;Expression écrite : le point de vue absolu;;cours;document;RAOUEDHA-FR-002;expression écrite le point de vue absolu   pt absolu.pdf;Raouedha erguez FRANCAIS/Trimestre 1/Module 2 _Histoires d_amour_;médiathèque;les-bac-info-fr-2-04
باك — رياضيات;Bac Math - Français;Module 1 : Souvenirs et nostalgie;Vocabulaire;;cours;vidéo;RAOUEDHA-FR-017;souvenirs et nostalgie  vocabulaire.mp4;Raouedha erguez FRANCAIS/Trimestre 1/Module1 _souvenirs et nostalgie_;médiathèque;les-bac-math-fr-1-01
باك — رياضيات;Bac Math - Français;Module 1 : Souvenirs et nostalgie;Vocabulaire;;cours;document;RAOUEDHA-FR-018;souvenirs et nostalgie vovabulaire.pdf;Raouedha erguez FRANCAIS/Trimestre 1/Module1 _souvenirs et nostalgie_;médiathèque;les-bac-math-fr-1-01
باك — رياضيات;Bac Math - Français;Module 1 : Souvenirs et nostalgie;La cause et la conséquence;La Cause et la conséquence;cours;vidéo;RAOUEDHA-FR-012;la cause et la conséquence.mp4;Raouedha erguez FRANCAIS/Trimestre 1/Module1 _souvenirs et nostalgie_;médiathèque;les-bac-math-fr-1-02
باك — رياضيات;Bac Math - Français;Module 1 : Souvenirs et nostalgie;La cause et la conséquence;La Cause et la conséquence;cours;document;RAOUEDHA-FR-013;La cause et la conséquence.pdf;Raouedha erguez FRANCAIS/Trimestre 1/Module1 _souvenirs et nostalgie_;médiathèque;les-bac-math-fr-1-02
باك — رياضيات;Bac Math - Français;Module 1 : Souvenirs et nostalgie;Exercice cause et conséquence;;exercice;vidéo;RAOUEDHA-FR-010;la cause et la conséquence exercices MM.mp4;Raouedha erguez FRANCAIS/Trimestre 1/Module1 _souvenirs et nostalgie_;médiathèque;les-bac-math-fr-1-03
باك — رياضيات;Bac Math - Français;Module 1 : Souvenirs et nostalgie;Exercice cause et conséquence;;exercice;document;RAOUEDHA-FR-011;la cause et la conséquence exercices.pdf;Raouedha erguez FRANCAIS/Trimestre 1/Module1 _souvenirs et nostalgie_;médiathèque;les-bac-math-fr-1-03
باك — رياضيات;Bac Math - Français;Module 1 : Souvenirs et nostalgie;Texte explicatif, texte argumentatif : quelle différence ?;Texte explicatif texte argumentatif quelle différence ?;cours;vidéo;RAOUEDHA-FR-019;texte explicatif texte argumentatif quelle différence.mp4;Raouedha erguez FRANCAIS/Trimestre 1/Module1 _souvenirs et nostalgie_;médiathèque;les-bac-math-fr-1-04
باك — رياضيات;Bac Math - Français;Module 1 : Souvenirs et nostalgie;Texte explicatif, texte argumentatif : quelle différence ?;Texte explicatif texte argumentatif quelle différence ?;cours;document;RAOUEDHA-FR-014;Module1 le txt explicatif le txt argumentatif quelle différence BS (1).pdf;Raouedha erguez FRANCAIS/Trimestre 1/Module1 _souvenirs et nostalgie_;médiathèque;les-bac-math-fr-1-04
باك — رياضيات;Bac Math - Français;Module 1 : Souvenirs et nostalgie;Expression écrite : texte explicatif;;cours;vidéo;RAOUEDHA-FR-020;texte explicatif1.mp4;Raouedha erguez FRANCAIS/Trimestre 1/Module1 _souvenirs et nostalgie_;médiathèque;les-bac-math-fr-1-05
باك — رياضيات;Bac Math - Français;Module 1 : Souvenirs et nostalgie;Expression écrite : texte explicatif;;cours;document;RAOUEDHA-FR-021;texte explicatif2(1).pdf;Raouedha erguez FRANCAIS/Trimestre 1/Module1 _souvenirs et nostalgie_;médiathèque;les-bac-math-fr-1-05
باك — رياضيات;Bac Math - Français;Module 1 : Souvenirs et nostalgie;Expression écrite : texte explicatif (application);Expression Ecrite : texte explicatif Application;cours;vidéo;RAOUEDHA-FR-022;texte explicatif2.mp4;Raouedha erguez FRANCAIS/Trimestre 1/Module1 _souvenirs et nostalgie_;médiathèque;les-bac-math-fr-1-06
باك — رياضيات;Bac Math - Français;Module 1 : Souvenirs et nostalgie;Expression écrite : texte explicatif (application);Expression Ecrite : texte explicatif Application;cours;document;RAOUEDHA-FR-023;texte explicatif2.pdf;Raouedha erguez FRANCAIS/Trimestre 1/Module1 _souvenirs et nostalgie_;médiathèque;les-bac-math-fr-1-06
باك — رياضيات;Bac Math - Français;Module 1 : Souvenirs et nostalgie;Étude de texte : lire et comprendre une question de compréhension;Etude de texte : lire comprendre une question de compréhension;cours;vidéo;RAOUEDHA-FR-025;étude de texte lire et comprendre une question de compréhension.mp4;Raouedha erguez FRANCAIS/Trimestre 1/Module1 _souvenirs et nostalgie_;médiathèque;les-bac-math-fr-1-07
باك — رياضيات;Bac Math - Français;Module 1 : Souvenirs et nostalgie;Étude de texte : lire et comprendre une question de compréhension;Etude de texte : lire comprendre une question de compréhension;cours;document;RAOUEDHA-FR-024;étude de texte lire comprendre une question de compréhension.pdf;Raouedha erguez FRANCAIS/Trimestre 1/Module1 _souvenirs et nostalgie_;médiathèque;les-bac-math-fr-1-07
باك — رياضيات;Bac Math - Français;Module 1 : Souvenirs et nostalgie;Répondre à une question portant sur les procédés d'écriture (application);Répondre à une question portant sur les procédés d'écriture application;cours;vidéo;RAOUEDHA-FR-016;répondre à une question portant sur les procésés d_écriture.mp4;Raouedha erguez FRANCAIS/Trimestre 1/Module1 _souvenirs et nostalgie_;médiathèque;les-bac-math-fr-1-08
باك — رياضيات;Bac Math - Français;Module 1 : Souvenirs et nostalgie;Répondre à une question portant sur les procédés d'écriture (application);Répondre à une question portant sur les procédés d'écriture application;cours;document;RAOUEDHA-FR-015;Répondre à une question portant sur les procédés d_écriture application.pdf;Raouedha erguez FRANCAIS/Trimestre 1/Module1 _souvenirs et nostalgie_;médiathèque;les-bac-math-fr-1-08
باك — رياضيات;Bac Math - Français;Module 2 : Histoire d'amour;Le but;Le But;cours;vidéo;RAOUEDHA-FR-007;le but.mp4;Raouedha erguez FRANCAIS/Trimestre 1/Module 2 _Histoires d_amour_;médiathèque;les-bac-math-fr-2-01
باك — رياضيات;Bac Math - Français;Module 2 : Histoire d'amour;Le but;Le But;cours;document;RAOUEDHA-FR-001;Activité langue le but BS.pdf;Raouedha erguez FRANCAIS/Trimestre 1/Module 2 _Histoires d_amour_;médiathèque;les-bac-math-fr-2-01
باك — رياضيات;Bac Math - Français;Module 2 : Histoire d'amour;Le but : exercices;Le but exercices;exercice;vidéo;RAOUEDHA-FR-005;le but exercices.mp4;Raouedha erguez FRANCAIS/Trimestre 1/Module 2 _Histoires d_amour_;médiathèque;les-bac-math-fr-2-02
باك — رياضيات;Bac Math - Français;Module 2 : Histoire d'amour;Le but : exercices;Le but exercices;exercice;document;RAOUEDHA-FR-006;Le but exercices.pdf;Raouedha erguez FRANCAIS/Trimestre 1/Module 2 _Histoires d_amour_;médiathèque;les-bac-math-fr-2-02
باك — رياضيات;Bac Math - Français;Module 2 : Histoire d'amour;Étude de texte : répondre aux questions de compréhension;Etude de texte : répondre aux questions de compréhension;cours;vidéo;RAOUEDHA-FR-008;étude de texte répondre aux questions de compréhension.mp4;Raouedha erguez FRANCAIS/Trimestre 1/Module 2 _Histoires d_amour_;médiathèque;les-bac-math-fr-2-03
باك — رياضيات;Bac Math - Français;Module 2 : Histoire d'amour;Étude de texte : répondre aux questions de compréhension;Etude de texte : répondre aux questions de compréhension;cours;document;RAOUEDHA-FR-009;étude de texte répondre aux questions de compréhension.pdf;Raouedha erguez FRANCAIS/Trimestre 1/Module 2 _Histoires d_amour_;médiathèque;les-bac-math-fr-2-03
باك — رياضيات;Bac Math - Français;Module 2 : Histoire d'amour;Expression écrite : le point de vue absolu;;cours;vidéo;RAOUEDHA-FR-003;expression écrite le point de vue absolu.mp4;Raouedha erguez FRANCAIS/Trimestre 1/Module 2 _Histoires d_amour_;médiathèque;les-bac-math-fr-2-04
باك — رياضيات;Bac Math - Français;Module 2 : Histoire d'amour;Expression écrite : le point de vue absolu;;cours;document;RAOUEDHA-FR-002;expression écrite le point de vue absolu   pt absolu.pdf;Raouedha erguez FRANCAIS/Trimestre 1/Module 2 _Histoires d_amour_;médiathèque;les-bac-math-fr-2-04
باك — علوم تقنية;Bac Technique - Français;Module 1 : Souvenirs et nostalgie;Vocabulaire;;cours;vidéo;RAOUEDHA-FR-017;souvenirs et nostalgie  vocabulaire.mp4;Raouedha erguez FRANCAIS/Trimestre 1/Module1 _souvenirs et nostalgie_;médiathèque;les-bac-tech-fr-1-01
باك — علوم تقنية;Bac Technique - Français;Module 1 : Souvenirs et nostalgie;Vocabulaire;;cours;document;RAOUEDHA-FR-018;souvenirs et nostalgie vovabulaire.pdf;Raouedha erguez FRANCAIS/Trimestre 1/Module1 _souvenirs et nostalgie_;médiathèque;les-bac-tech-fr-1-01
باك — علوم تقنية;Bac Technique - Français;Module 1 : Souvenirs et nostalgie;La cause et la conséquence;La Cause et la conséquence;cours;vidéo;RAOUEDHA-FR-012;la cause et la conséquence.mp4;Raouedha erguez FRANCAIS/Trimestre 1/Module1 _souvenirs et nostalgie_;médiathèque;les-bac-tech-fr-1-02
باك — علوم تقنية;Bac Technique - Français;Module 1 : Souvenirs et nostalgie;La cause et la conséquence;La Cause et la conséquence;cours;document;RAOUEDHA-FR-013;La cause et la conséquence.pdf;Raouedha erguez FRANCAIS/Trimestre 1/Module1 _souvenirs et nostalgie_;médiathèque;les-bac-tech-fr-1-02
باك — علوم تقنية;Bac Technique - Français;Module 1 : Souvenirs et nostalgie;Exercice cause et conséquence;;exercice;vidéo;RAOUEDHA-FR-010;la cause et la conséquence exercices MM.mp4;Raouedha erguez FRANCAIS/Trimestre 1/Module1 _souvenirs et nostalgie_;médiathèque;les-bac-tech-fr-1-03
باك — علوم تقنية;Bac Technique - Français;Module 1 : Souvenirs et nostalgie;Exercice cause et conséquence;;exercice;document;RAOUEDHA-FR-011;la cause et la conséquence exercices.pdf;Raouedha erguez FRANCAIS/Trimestre 1/Module1 _souvenirs et nostalgie_;médiathèque;les-bac-tech-fr-1-03
باك — علوم تقنية;Bac Technique - Français;Module 1 : Souvenirs et nostalgie;Texte explicatif, texte argumentatif : quelle différence ?;Texte explicatif texte argumentatif quelle différence ?;cours;vidéo;RAOUEDHA-FR-019;texte explicatif texte argumentatif quelle différence.mp4;Raouedha erguez FRANCAIS/Trimestre 1/Module1 _souvenirs et nostalgie_;médiathèque;les-bac-tech-fr-1-04
باك — علوم تقنية;Bac Technique - Français;Module 1 : Souvenirs et nostalgie;Texte explicatif, texte argumentatif : quelle différence ?;Texte explicatif texte argumentatif quelle différence ?;cours;document;RAOUEDHA-FR-014;Module1 le txt explicatif le txt argumentatif quelle différence BS (1).pdf;Raouedha erguez FRANCAIS/Trimestre 1/Module1 _souvenirs et nostalgie_;médiathèque;les-bac-tech-fr-1-04
باك — علوم تقنية;Bac Technique - Français;Module 1 : Souvenirs et nostalgie;Expression écrite : texte explicatif;;cours;vidéo;RAOUEDHA-FR-020;texte explicatif1.mp4;Raouedha erguez FRANCAIS/Trimestre 1/Module1 _souvenirs et nostalgie_;médiathèque;les-bac-tech-fr-1-05
باك — علوم تقنية;Bac Technique - Français;Module 1 : Souvenirs et nostalgie;Expression écrite : texte explicatif;;cours;document;RAOUEDHA-FR-021;texte explicatif2(1).pdf;Raouedha erguez FRANCAIS/Trimestre 1/Module1 _souvenirs et nostalgie_;médiathèque;les-bac-tech-fr-1-05
باك — علوم تقنية;Bac Technique - Français;Module 1 : Souvenirs et nostalgie;Expression écrite : texte explicatif (application);Expression Ecrite : texte explicatif Application;cours;vidéo;RAOUEDHA-FR-022;texte explicatif2.mp4;Raouedha erguez FRANCAIS/Trimestre 1/Module1 _souvenirs et nostalgie_;médiathèque;les-bac-tech-fr-1-06
باك — علوم تقنية;Bac Technique - Français;Module 1 : Souvenirs et nostalgie;Expression écrite : texte explicatif (application);Expression Ecrite : texte explicatif Application;cours;document;RAOUEDHA-FR-023;texte explicatif2.pdf;Raouedha erguez FRANCAIS/Trimestre 1/Module1 _souvenirs et nostalgie_;médiathèque;les-bac-tech-fr-1-06
باك — علوم تقنية;Bac Technique - Français;Module 1 : Souvenirs et nostalgie;Étude de texte : lire et comprendre une question de compréhension;Etude de texte : lire comprendre une question de compréhension;cours;vidéo;RAOUEDHA-FR-025;étude de texte lire et comprendre une question de compréhension.mp4;Raouedha erguez FRANCAIS/Trimestre 1/Module1 _souvenirs et nostalgie_;médiathèque;les-bac-tech-fr-1-07
باك — علوم تقنية;Bac Technique - Français;Module 1 : Souvenirs et nostalgie;Étude de texte : lire et comprendre une question de compréhension;Etude de texte : lire comprendre une question de compréhension;cours;document;RAOUEDHA-FR-024;étude de texte lire comprendre une question de compréhension.pdf;Raouedha erguez FRANCAIS/Trimestre 1/Module1 _souvenirs et nostalgie_;médiathèque;les-bac-tech-fr-1-07
باك — علوم تقنية;Bac Technique - Français;Module 1 : Souvenirs et nostalgie;Répondre à une question portant sur les procédés d'écriture (application);Répondre à une question portant sur les procédés d'écriture application;cours;vidéo;RAOUEDHA-FR-016;répondre à une question portant sur les procésés d_écriture.mp4;Raouedha erguez FRANCAIS/Trimestre 1/Module1 _souvenirs et nostalgie_;médiathèque;les-bac-tech-fr-1-08
باك — علوم تقنية;Bac Technique - Français;Module 1 : Souvenirs et nostalgie;Répondre à une question portant sur les procédés d'écriture (application);Répondre à une question portant sur les procédés d'écriture application;cours;document;RAOUEDHA-FR-015;Répondre à une question portant sur les procédés d_écriture application.pdf;Raouedha erguez FRANCAIS/Trimestre 1/Module1 _souvenirs et nostalgie_;médiathèque;les-bac-tech-fr-1-08
باك — علوم تقنية;Bac Technique - Français;Module 2 : Histoire d'amour;Le but;Le But;cours;vidéo;RAOUEDHA-FR-007;le but.mp4;Raouedha erguez FRANCAIS/Trimestre 1/Module 2 _Histoires d_amour_;médiathèque;les-bac-tech-fr-2-01
باك — علوم تقنية;Bac Technique - Français;Module 2 : Histoire d'amour;Le but;Le But;cours;document;RAOUEDHA-FR-001;Activité langue le but BS.pdf;Raouedha erguez FRANCAIS/Trimestre 1/Module 2 _Histoires d_amour_;médiathèque;les-bac-tech-fr-2-01
باك — علوم تقنية;Bac Technique - Français;Module 2 : Histoire d'amour;Le but : exercices;Le but exercices;exercice;vidéo;RAOUEDHA-FR-005;le but exercices.mp4;Raouedha erguez FRANCAIS/Trimestre 1/Module 2 _Histoires d_amour_;médiathèque;les-bac-tech-fr-2-02
باك — علوم تقنية;Bac Technique - Français;Module 2 : Histoire d'amour;Le but : exercices;Le but exercices;exercice;document;RAOUEDHA-FR-006;Le but exercices.pdf;Raouedha erguez FRANCAIS/Trimestre 1/Module 2 _Histoires d_amour_;médiathèque;les-bac-tech-fr-2-02
باك — علوم تقنية;Bac Technique - Français;Module 2 : Histoire d'amour;Étude de texte : répondre aux questions de compréhension;Etude de texte : répondre aux questions de compréhension;cours;vidéo;RAOUEDHA-FR-008;étude de texte répondre aux questions de compréhension.mp4;Raouedha erguez FRANCAIS/Trimestre 1/Module 2 _Histoires d_amour_;médiathèque;les-bac-tech-fr-2-03
باك — علوم تقنية;Bac Technique - Français;Module 2 : Histoire d'amour;Étude de texte : répondre aux questions de compréhension;Etude de texte : répondre aux questions de compréhension;cours;document;RAOUEDHA-FR-009;étude de texte répondre aux questions de compréhension.pdf;Raouedha erguez FRANCAIS/Trimestre 1/Module 2 _Histoires d_amour_;médiathèque;les-bac-tech-fr-2-03
باك — علوم تقنية;Bac Technique - Français;Module 2 : Histoire d'amour;Expression écrite : le point de vue absolu;;cours;vidéo;RAOUEDHA-FR-003;expression écrite le point de vue absolu.mp4;Raouedha erguez FRANCAIS/Trimestre 1/Module 2 _Histoires d_amour_;médiathèque;les-bac-tech-fr-2-04
باك — علوم تقنية;Bac Technique - Français;Module 2 : Histoire d'amour;Expression écrite : le point de vue absolu;;cours;document;RAOUEDHA-FR-002;expression écrite le point de vue absolu   pt absolu.pdf;Raouedha erguez FRANCAIS/Trimestre 1/Module 2 _Histoires d_amour_;médiathèque;les-bac-tech-fr-2-04
باك — اقتصاد وتصرّف;Bac Éco - عربية;محور 1 في التفكير العلمي;العوامل التي ساعدت العرب على الإبداع;;cours;vidéo;NAJEH-AR-045;العوامل التي ساعدت العرب على الإبداع 1.mp4;najeh farhani BAC/SCTFQ/محور 1 في التفكير العلمي;médiathèque;les-bac-eco-ar-1-01
باك — اقتصاد وتصرّف;Bac Éco - عربية;محور 1 في التفكير العلمي;العوامل التي ساعدت العرب على الإبداع;;cours;document;—;المحور الأول فيد;—;hors catalogue;les-bac-eco-ar-1-01
باك — اقتصاد وتصرّف;Bac Éco - عربية;محور 1 في التفكير العلمي;المناهج العلمية وصفات العالم المسلم;;cours;vidéo;NAJEH-AR-047;المناهج العلمية وصفات العالم المسلم 2.mp4;najeh farhani BAC/SCTFQ/محور 1 في التفكير العلمي;médiathèque;les-bac-eco-ar-1-02
باك — اقتصاد وتصرّف;Bac Éco - عربية;محور 1 في التفكير العلمي;المناهج العلمية وصفات العالم المسلم;;cours;document;—;المحور الأول فيد;—;hors catalogue;les-bac-eco-ar-1-02
باك — اقتصاد وتصرّف;Bac Éco - عربية;محور 1 في التفكير العلمي;العلوم العربية;;cours;vidéo;NAJEH-AR-043;3 العلوم العربية.mp4;najeh farhani BAC/SCTFQ/محور 1 في التفكير العلمي;médiathèque;les-bac-eco-ar-1-03
باك — اقتصاد وتصرّف;Bac Éco - عربية;محور 1 في التفكير العلمي;العلوم العربية;;cours;document;—;المحور الأول فيد;—;hors catalogue;les-bac-eco-ar-1-03
باك — اقتصاد وتصرّف;Bac Éco - عربية;محور 1 في التفكير العلمي;التدرب على فقرة حجاجية;;exercice;vidéo;NAJEH-AR-044;التدرب على فقرة حجاجية 4.mp4;najeh farhani BAC/SCTFQ/محور 1 في التفكير العلمي;médiathèque;les-bac-eco-ar-1-04
باك — اقتصاد وتصرّف;Bac Éco - عربية;محور 1 في التفكير العلمي;التدرب على فقرة حجاجية;;exercice;document;—;المحور الأول فيد;—;hors catalogue;les-bac-eco-ar-1-04
باك — اقتصاد وتصرّف;Bac Éco - عربية;محور 2 في الأدب والفن;الأدب والشعر;;cours;vidéo;NAJEH-AR-048;1 الأدب والشعر.mp4;najeh farhani BAC/SCTFQ/محور 2 في الأدب والفن;médiathèque;les-bac-eco-ar-2-01
باك — اقتصاد وتصرّف;Bac Éco - عربية;محور 2 في الأدب والفن;الأدب والشعر;;cours;document;—;المحور الثاني مع فرض فيديو;—;hors catalogue;les-bac-eco-ar-2-01
باك — اقتصاد وتصرّف;Bac Éco - عربية;محور 2 في الأدب والفن;الأدب نثرا ونقدا;;cours;vidéo;NAJEH-AR-049;2 الأدب نثرا ونقدا.mp4;najeh farhani BAC/SCTFQ/محور 2 في الأدب والفن;médiathèque;les-bac-eco-ar-2-02
باك — اقتصاد وتصرّف;Bac Éco - عربية;محور 2 في الأدب والفن;الأدب نثرا ونقدا;;cours;document;—;المحور الثاني مع فرض فيديو;—;hors catalogue;les-bac-eco-ar-2-02
باك — اقتصاد وتصرّف;Bac Éco - عربية;محور 2 في الأدب والفن;الفن;;cours;vidéo;NAJEH-AR-050;3 الفن.mp4;najeh farhani BAC/SCTFQ/محور 2 في الأدب والفن;médiathèque;les-bac-eco-ar-2-03
باك — اقتصاد وتصرّف;Bac Éco - عربية;محور 2 في الأدب والفن;الفن;;cours;document;—;المحور الثاني مع فرض فيديو;—;hors catalogue;les-bac-eco-ar-2-03
باك — اقتصاد وتصرّف;Bac Éco - عربية;محور 2 في الأدب والفن;الاجابة على أهم الأسئلة;;cours;vidéo;NAJEH-AR-051;4 الاجابة على أهم الأسئلة.mp4;najeh farhani BAC/SCTFQ/محور 2 في الأدب والفن;médiathèque;les-bac-eco-ar-2-04
باك — اقتصاد وتصرّف;Bac Éco - عربية;محور 2 في الأدب والفن;الاجابة على أهم الأسئلة;;cours;document;—;المحور الثاني مع فرض فيديو;—;hors catalogue;les-bac-eco-ar-2-04
باك — اقتصاد وتصرّف;Bac Éco - عربية;محور 2 في الأدب والفن;اصلاح فرض حول محور الأدب والفن;;exercice;vidéo;NAJEH-AR-052;اصلاح فرض حول محور الأدب والفن 5.mp4;najeh farhani BAC/SCTFQ/محور 2 في الأدب والفن;médiathèque;les-bac-eco-ar-2-05
باك — اقتصاد وتصرّف;Bac Éco - عربية;محور 2 في الأدب والفن;اصلاح فرض حول محور الأدب والفن;;exercice;document;—;المحور الثاني مع فرض فيديو;—;hors catalogue;les-bac-eco-ar-2-05
باك — علوم إعلامية;Bac Info - Arabe;محور 1 في التفكير العلمي;العوامل التي ساعدت العرب على الإبداع;;cours;vidéo;NAJEH-AR-045;العوامل التي ساعدت العرب على الإبداع 1.mp4;najeh farhani BAC/SCTFQ/محور 1 في التفكير العلمي;médiathèque;les-bac-info-ar-1-01
باك — علوم إعلامية;Bac Info - Arabe;محور 1 في التفكير العلمي;العوامل التي ساعدت العرب على الإبداع;;cours;document;—;المحور الأول فيد;—;hors catalogue;les-bac-info-ar-1-01
باك — علوم إعلامية;Bac Info - Arabe;محور 1 في التفكير العلمي;المناهج العلمية وصفات العالم المسلم;;cours;vidéo;NAJEH-AR-047;المناهج العلمية وصفات العالم المسلم 2.mp4;najeh farhani BAC/SCTFQ/محور 1 في التفكير العلمي;médiathèque;les-bac-info-ar-1-02
باك — علوم إعلامية;Bac Info - Arabe;محور 1 في التفكير العلمي;المناهج العلمية وصفات العالم المسلم;;cours;document;—;المحور الأول فيد;—;hors catalogue;les-bac-info-ar-1-02
باك — علوم إعلامية;Bac Info - Arabe;محور 1 في التفكير العلمي;العلوم العربية;;cours;vidéo;NAJEH-AR-043;3 العلوم العربية.mp4;najeh farhani BAC/SCTFQ/محور 1 في التفكير العلمي;médiathèque;les-bac-info-ar-1-03
باك — علوم إعلامية;Bac Info - Arabe;محور 1 في التفكير العلمي;العلوم العربية;;cours;document;—;المحور الأول فيد;—;hors catalogue;les-bac-info-ar-1-03
باك — علوم إعلامية;Bac Info - Arabe;محور 1 في التفكير العلمي;التدرب على فقرة حجاجية;;exercice;vidéo;NAJEH-AR-044;التدرب على فقرة حجاجية 4.mp4;najeh farhani BAC/SCTFQ/محور 1 في التفكير العلمي;médiathèque;les-bac-info-ar-1-04
باك — علوم إعلامية;Bac Info - Arabe;محور 1 في التفكير العلمي;التدرب على فقرة حجاجية;;exercice;document;—;المحور الأول فيد;—;hors catalogue;les-bac-info-ar-1-04
باك — علوم إعلامية;Bac Info - Arabe;محور 2 في الأدب والفن;الأدب والشعر;;cours;vidéo;NAJEH-AR-048;1 الأدب والشعر.mp4;najeh farhani BAC/SCTFQ/محور 2 في الأدب والفن;médiathèque;les-bac-info-ar-2-01
باك — علوم إعلامية;Bac Info - Arabe;محور 2 في الأدب والفن;الأدب والشعر;;cours;document;—;المحور الثاني مع فرض فيديو;—;hors catalogue;les-bac-info-ar-2-01
باك — علوم إعلامية;Bac Info - Arabe;محور 2 في الأدب والفن;الأدب نثرا ونقدا;;cours;vidéo;NAJEH-AR-049;2 الأدب نثرا ونقدا.mp4;najeh farhani BAC/SCTFQ/محور 2 في الأدب والفن;médiathèque;les-bac-info-ar-2-02
باك — علوم إعلامية;Bac Info - Arabe;محور 2 في الأدب والفن;الأدب نثرا ونقدا;;cours;document;—;المحور الثاني مع فرض فيديو;—;hors catalogue;les-bac-info-ar-2-02
باك — علوم إعلامية;Bac Info - Arabe;محور 2 في الأدب والفن;الفن;;cours;vidéo;NAJEH-AR-050;3 الفن.mp4;najeh farhani BAC/SCTFQ/محور 2 في الأدب والفن;médiathèque;les-bac-info-ar-2-03
باك — علوم إعلامية;Bac Info - Arabe;محور 2 في الأدب والفن;الفن;;cours;document;—;المحور الثاني مع فرض فيديو;—;hors catalogue;les-bac-info-ar-2-03
باك — علوم إعلامية;Bac Info - Arabe;محور 2 في الأدب والفن;الاجابة على أهم الأسئلة;;cours;vidéo;NAJEH-AR-051;4 الاجابة على أهم الأسئلة.mp4;najeh farhani BAC/SCTFQ/محور 2 في الأدب والفن;médiathèque;les-bac-info-ar-2-04
باك — علوم إعلامية;Bac Info - Arabe;محور 2 في الأدب والفن;الاجابة على أهم الأسئلة;;cours;document;—;المحور الثاني مع فرض فيديو;—;hors catalogue;les-bac-info-ar-2-04
باك — علوم إعلامية;Bac Info - Arabe;محور 2 في الأدب والفن;اصلاح فرض حول محور الأدب والفن;;exercice;vidéo;NAJEH-AR-052;اصلاح فرض حول محور الأدب والفن 5.mp4;najeh farhani BAC/SCTFQ/محور 2 في الأدب والفن;médiathèque;les-bac-info-ar-2-05
باك — علوم إعلامية;Bac Info - Arabe;محور 2 في الأدب والفن;اصلاح فرض حول محور الأدب والفن;;exercice;document;—;المحور الثاني مع فرض فيديو;—;hors catalogue;les-bac-info-ar-2-05
باك — رياضيات;Bac Math - عربية;محور 1 في التفكير العلمي;العوامل التي ساعدت العرب على الإبداع;;cours;vidéo;NAJEH-AR-045;العوامل التي ساعدت العرب على الإبداع 1.mp4;najeh farhani BAC/SCTFQ/محور 1 في التفكير العلمي;médiathèque;les-bac-math-ar-1-01
باك — رياضيات;Bac Math - عربية;محور 1 في التفكير العلمي;العوامل التي ساعدت العرب على الإبداع;;cours;document;—;المحور الأول فيد;—;hors catalogue;les-bac-math-ar-1-01
باك — رياضيات;Bac Math - عربية;محور 1 في التفكير العلمي;المناهج العلمية وصفات العالم المسلم;;cours;vidéo;NAJEH-AR-047;المناهج العلمية وصفات العالم المسلم 2.mp4;najeh farhani BAC/SCTFQ/محور 1 في التفكير العلمي;médiathèque;les-bac-math-ar-1-02
باك — رياضيات;Bac Math - عربية;محور 1 في التفكير العلمي;المناهج العلمية وصفات العالم المسلم;;cours;document;—;المحور الأول فيد;—;hors catalogue;les-bac-math-ar-1-02
باك — رياضيات;Bac Math - عربية;محور 1 في التفكير العلمي;العلوم العربية;;cours;vidéo;NAJEH-AR-043;3 العلوم العربية.mp4;najeh farhani BAC/SCTFQ/محور 1 في التفكير العلمي;médiathèque;les-bac-math-ar-1-03
باك — رياضيات;Bac Math - عربية;محور 1 في التفكير العلمي;العلوم العربية;;cours;document;—;المحور الأول فيد;—;hors catalogue;les-bac-math-ar-1-03
باك — رياضيات;Bac Math - عربية;محور 1 في التفكير العلمي;التدرب على فقرة حجاجية;;exercice;vidéo;NAJEH-AR-044;التدرب على فقرة حجاجية 4.mp4;najeh farhani BAC/SCTFQ/محور 1 في التفكير العلمي;médiathèque;les-bac-math-ar-1-04
باك — رياضيات;Bac Math - عربية;محور 1 في التفكير العلمي;التدرب على فقرة حجاجية;;exercice;document;—;المحور الأول فيد;—;hors catalogue;les-bac-math-ar-1-04
باك — رياضيات;Bac Math - عربية;محور 2 في الأدب والفن;الأدب والشعر;;cours;vidéo;NAJEH-AR-048;1 الأدب والشعر.mp4;najeh farhani BAC/SCTFQ/محور 2 في الأدب والفن;médiathèque;les-bac-math-ar-2-01
باك — رياضيات;Bac Math - عربية;محور 2 في الأدب والفن;الأدب والشعر;;cours;document;—;المحور الثاني مع فرض فيديو;—;hors catalogue;les-bac-math-ar-2-01
باك — رياضيات;Bac Math - عربية;محور 2 في الأدب والفن;الأدب نثرا ونقدا;;cours;vidéo;NAJEH-AR-049;2 الأدب نثرا ونقدا.mp4;najeh farhani BAC/SCTFQ/محور 2 في الأدب والفن;médiathèque;les-bac-math-ar-2-02
باك — رياضيات;Bac Math - عربية;محور 2 في الأدب والفن;الأدب نثرا ونقدا;;cours;document;—;المحور الثاني مع فرض فيديو;—;hors catalogue;les-bac-math-ar-2-02
باك — رياضيات;Bac Math - عربية;محور 2 في الأدب والفن;الفن;;cours;vidéo;NAJEH-AR-050;3 الفن.mp4;najeh farhani BAC/SCTFQ/محور 2 في الأدب والفن;médiathèque;les-bac-math-ar-2-03
باك — رياضيات;Bac Math - عربية;محور 2 في الأدب والفن;الفن;;cours;document;—;المحور الثاني مع فرض فيديو;—;hors catalogue;les-bac-math-ar-2-03
باك — رياضيات;Bac Math - عربية;محور 2 في الأدب والفن;الاجابة على أهم الأسئلة;;cours;vidéo;NAJEH-AR-051;4 الاجابة على أهم الأسئلة.mp4;najeh farhani BAC/SCTFQ/محور 2 في الأدب والفن;médiathèque;les-bac-math-ar-2-04
باك — رياضيات;Bac Math - عربية;محور 2 في الأدب والفن;الاجابة على أهم الأسئلة;;cours;document;—;المحور الثاني مع فرض فيديو;—;hors catalogue;les-bac-math-ar-2-04
باك — رياضيات;Bac Math - عربية;محور 2 في الأدب والفن;اصلاح فرض حول محور الأدب والفن;;exercice;vidéo;NAJEH-AR-052;اصلاح فرض حول محور الأدب والفن 5.mp4;najeh farhani BAC/SCTFQ/محور 2 في الأدب والفن;médiathèque;les-bac-math-ar-2-05
باك — رياضيات;Bac Math - عربية;محور 2 في الأدب والفن;اصلاح فرض حول محور الأدب والفن;;exercice;document;—;المحور الثاني مع فرض فيديو;—;hors catalogue;les-bac-math-ar-2-05
باك — علوم تقنية;Bac Technique - عربية;محور 1 في التفكير العلمي;العوامل التي ساعدت العرب على الإبداع;;cours;vidéo;NAJEH-AR-045;العوامل التي ساعدت العرب على الإبداع 1.mp4;najeh farhani BAC/SCTFQ/محور 1 في التفكير العلمي;médiathèque;les-bac-tech-ar-1-01
باك — علوم تقنية;Bac Technique - عربية;محور 1 في التفكير العلمي;العوامل التي ساعدت العرب على الإبداع;;cours;document;—;المحور الأول فيد;—;hors catalogue;les-bac-tech-ar-1-01
باك — علوم تقنية;Bac Technique - عربية;محور 1 في التفكير العلمي;المناهج العلمية وصفات العالم المسلم;;cours;vidéo;NAJEH-AR-047;المناهج العلمية وصفات العالم المسلم 2.mp4;najeh farhani BAC/SCTFQ/محور 1 في التفكير العلمي;médiathèque;les-bac-tech-ar-1-02
باك — علوم تقنية;Bac Technique - عربية;محور 1 في التفكير العلمي;المناهج العلمية وصفات العالم المسلم;;cours;document;—;المحور الأول فيد;—;hors catalogue;les-bac-tech-ar-1-02
باك — علوم تقنية;Bac Technique - عربية;محور 1 في التفكير العلمي;العلوم العربية;;cours;vidéo;NAJEH-AR-043;3 العلوم العربية.mp4;najeh farhani BAC/SCTFQ/محور 1 في التفكير العلمي;médiathèque;les-bac-tech-ar-1-03
باك — علوم تقنية;Bac Technique - عربية;محور 1 في التفكير العلمي;العلوم العربية;;cours;document;—;المحور الأول فيد;—;hors catalogue;les-bac-tech-ar-1-03
باك — علوم تقنية;Bac Technique - عربية;محور 1 في التفكير العلمي;التدرب على فقرة حجاجية;;exercice;vidéo;NAJEH-AR-044;التدرب على فقرة حجاجية 4.mp4;najeh farhani BAC/SCTFQ/محور 1 في التفكير العلمي;médiathèque;les-bac-tech-ar-1-04
باك — علوم تقنية;Bac Technique - عربية;محور 1 في التفكير العلمي;التدرب على فقرة حجاجية;;exercice;document;—;المحور الأول فيد;—;hors catalogue;les-bac-tech-ar-1-04
باك — علوم تقنية;Bac Technique - عربية;محور 2 في الأدب والفن;الأدب والشعر;;cours;vidéo;NAJEH-AR-048;1 الأدب والشعر.mp4;najeh farhani BAC/SCTFQ/محور 2 في الأدب والفن;médiathèque;les-bac-tech-ar-2-01
باك — علوم تقنية;Bac Technique - عربية;محور 2 في الأدب والفن;الأدب والشعر;;cours;document;—;المحور الثاني مع فرض فيديو;—;hors catalogue;les-bac-tech-ar-2-01
باك — علوم تقنية;Bac Technique - عربية;محور 2 في الأدب والفن;الأدب نثرا ونقدا;;cours;vidéo;NAJEH-AR-049;2 الأدب نثرا ونقدا.mp4;najeh farhani BAC/SCTFQ/محور 2 في الأدب والفن;médiathèque;les-bac-tech-ar-2-02
باك — علوم تقنية;Bac Technique - عربية;محور 2 في الأدب والفن;الأدب نثرا ونقدا;;cours;document;—;المحور الثاني مع فرض فيديو;—;hors catalogue;les-bac-tech-ar-2-02
باك — علوم تقنية;Bac Technique - عربية;محور 2 في الأدب والفن;الفن;;cours;vidéo;NAJEH-AR-050;3 الفن.mp4;najeh farhani BAC/SCTFQ/محور 2 في الأدب والفن;médiathèque;les-bac-tech-ar-2-03
باك — علوم تقنية;Bac Technique - عربية;محور 2 في الأدب والفن;الفن;;cours;document;—;المحور الثاني مع فرض فيديو;—;hors catalogue;les-bac-tech-ar-2-03
باك — علوم تقنية;Bac Technique - عربية;محور 2 في الأدب والفن;الاجابة على أهم الأسئلة;;cours;vidéo;NAJEH-AR-051;4 الاجابة على أهم الأسئلة.mp4;najeh farhani BAC/SCTFQ/محور 2 في الأدب والفن;médiathèque;les-bac-tech-ar-2-04
باك — علوم تقنية;Bac Technique - عربية;محور 2 في الأدب والفن;الاجابة على أهم الأسئلة;;cours;document;—;المحور الثاني مع فرض فيديو;—;hors catalogue;les-bac-tech-ar-2-04
باك — علوم تقنية;Bac Technique - عربية;محور 2 في الأدب والفن;اصلاح فرض حول محور الأدب والفن;;exercice;vidéo;NAJEH-AR-052;اصلاح فرض حول محور الأدب والفن 5.mp4;najeh farhani BAC/SCTFQ/محور 2 في الأدب والفن;médiathèque;les-bac-tech-ar-2-05
باك — علوم تقنية;Bac Technique - عربية;محور 2 في الأدب والفن;اصلاح فرض حول محور الأدب والفن;;exercice;document;—;المحور الثاني مع فرض فيديو;—;hors catalogue;les-bac-tech-ar-2-05
باك — رياضيات;Bac Math - Physique;Le condensateur;Étude expérimentale;Etude Exprémentale;cours;vidéo;MAHDI-PHYS-026;le condensateur  etude exprémentale.mp4;mahdi BAC/condensateur dpx;médiathèque;les-bac-math-phys-1-01
باك — رياضيات;Bac Math - Physique;Le condensateur;Étude expérimentale;Etude Exprémentale;cours;document;MAHDI-PHYS-023;chapitre 01 BS.pdf;mahdi BAC/condensateur dpx;médiathèque;les-bac-math-phys-1-01
باك — رياضيات;Bac Math - Physique;Le condensateur;Étude théorique;Etude theorique;cours;vidéo;MAHDI-PHYS-029;le condensateur etude théorique.mp4;mahdi BAC/condensateur dpx;médiathèque;les-bac-math-phys-1-02
باك — رياضيات;Bac Math - Physique;Le condensateur;Étude théorique;Etude theorique;cours;document;MAHDI-PHYS-023;chapitre 01 BS.pdf;mahdi BAC/condensateur dpx;médiathèque;les-bac-math-phys-1-02
باك — رياضيات;Bac Math - Physique;Le condensateur;Exercice 1;;exercice;vidéo;MAHDI-PHYS-024;condensateur correction ex n 01.mp4;mahdi BAC/condensateur dpx;médiathèque;les-bac-math-phys-1-03
باك — رياضيات;Bac Math - Physique;Le condensateur;Exercice 1;;exercice;document;MAHDI-PHYS-030;pdf le condensateur (correx ex).pdf;mahdi BAC/condensateur dpx;médiathèque;les-bac-math-phys-1-03
باك — رياضيات;Bac Math - Physique;Le condensateur;Exercice 2;;exercice;vidéo;MAHDI-PHYS-025;condensateur correction exercice n 02.mp4;mahdi BAC/condensateur dpx;médiathèque;les-bac-math-phys-1-04
باك — رياضيات;Bac Math - Physique;Le condensateur;Exercice 2;;exercice;document;MAHDI-PHYS-030;pdf le condensateur (correx ex).pdf;mahdi BAC/condensateur dpx;médiathèque;les-bac-math-phys-1-04
باك — رياضيات;Bac Math - Physique;Le condensateur;Exercice 3;;exercice;vidéo;MAHDI-PHYS-027;le condensateur correction exercice 03.mp4;mahdi BAC/condensateur dpx;médiathèque;les-bac-math-phys-1-05
باك — رياضيات;Bac Math - Physique;Le condensateur;Exercice 3;;exercice;document;MAHDI-PHYS-030;pdf le condensateur (correx ex).pdf;mahdi BAC/condensateur dpx;médiathèque;les-bac-math-phys-1-05
باك — رياضيات;Bac Math - Physique;Le condensateur;Exercice 4;;exercice;vidéo;MAHDI-PHYS-028;le condensateur correction exercice n 04.mp4;mahdi BAC/condensateur dpx;médiathèque;les-bac-math-phys-1-06
باك — رياضيات;Bac Math - Physique;Le condensateur;Exercice 4;;exercice;document;MAHDI-PHYS-030;pdf le condensateur (correx ex).pdf;mahdi BAC/condensateur dpx;médiathèque;les-bac-math-phys-1-06
باك — رياضيات;Bac Math - Physique;RC;Dipôle RC : étude expérimentale;dipole RC : étude exprémentale;cours;vidéo;MAHDI-PHYS-066;dipole RC étude exprémentale.mp4;mahdi BAC/RC;médiathèque;les-bac-math-phys-2-01
باك — رياضيات;Bac Math - Physique;RC;Dipôle RC : étude expérimentale;dipole RC : étude exprémentale;cours;document;MAHDI-PHYS-063;DIPOLE RC (avec notes).pdf;mahdi BAC/RC;médiathèque;les-bac-math-phys-2-01
باك — رياضيات;Bac Math - Physique;RC;Dipôle RC : étude expérimentale;dipole RC : étude exprémentale;cours;document;MAHDI-PHYS-064;DIPOLE RC (vierge).pdf;mahdi BAC/RC;médiathèque;les-bac-math-phys-2-01
باك — رياضيات;Bac Math - Physique;RC;Dipôle RC : étude théorique;dipole RC : étude théorique;cours;vidéo;MAHDI-PHYS-065;dipole RC etude théorique ...mp4;mahdi BAC/RC;médiathèque;les-bac-math-phys-2-02
باك — رياضيات;Bac Math - Physique;RC;Dipôle RC : étude théorique;dipole RC : étude théorique;cours;document;MAHDI-PHYS-063;DIPOLE RC (avec notes).pdf;mahdi BAC/RC;médiathèque;les-bac-math-phys-2-02
باك — رياضيات;Bac Math - Physique;RC;Dipôle RC : étude théorique;dipole RC : étude théorique;cours;document;MAHDI-PHYS-064;DIPOLE RC (vierge).pdf;mahdi BAC/RC;médiathèque;les-bac-math-phys-2-02
باك — رياضيات;Bac Math - Physique;RC;Exercice 1;;exercice;vidéo;MAHDI-PHYS-057;correction ex n 01 dipole RC.mp4;mahdi BAC/RC;médiathèque;les-bac-math-phys-2-03
باك — رياضيات;Bac Math - Physique;RC;Exercice 1;;exercice;document;MAHDI-PHYS-069;exercice 01-02 dipole RC.pdf;mahdi BAC/RC;médiathèque;les-bac-math-phys-2-03
باك — رياضيات;Bac Math - Physique;RC;Exercice 2;;exercice;vidéo;MAHDI-PHYS-058;correction ex n 02 dipole RC.mp4;mahdi BAC/RC;médiathèque;les-bac-math-phys-2-04
باك — رياضيات;Bac Math - Physique;RC;Exercice 2;;exercice;document;MAHDI-PHYS-069;exercice 01-02 dipole RC.pdf;mahdi BAC/RC;médiathèque;les-bac-math-phys-2-04
باك — رياضيات;Bac Math - Physique;RC;Exercice 3;;exercice;vidéo;MAHDI-PHYS-059;correction ex n 03 dipole RC.mp4;mahdi BAC/RC;médiathèque;les-bac-math-phys-2-05
باك — رياضيات;Bac Math - Physique;RC;Exercice 3;;exercice;document;MAHDI-PHYS-067;ex 03-04 dipole rc.pdf;mahdi BAC/RC;médiathèque;les-bac-math-phys-2-05
باك — رياضيات;Bac Math - Physique;RC;Exercice 4;;exercice;vidéo;MAHDI-PHYS-060;correction ex n 04 dipole RC.mp4;mahdi BAC/RC;médiathèque;les-bac-math-phys-2-06
باك — رياضيات;Bac Math - Physique;RC;Exercice 4;;exercice;document;MAHDI-PHYS-067;ex 03-04 dipole rc.pdf;mahdi BAC/RC;médiathèque;les-bac-math-phys-2-06
باك — رياضيات;Bac Math - Physique;RC;Exercice 5;;exercice;vidéo;MAHDI-PHYS-061;correction ex n 05 dipole RC.mp4;mahdi BAC/RC;médiathèque;les-bac-math-phys-2-07
باك — رياضيات;Bac Math - Physique;RC;Exercice 5;;exercice;document;MAHDI-PHYS-068;ex 05-06 dipole RC.pdf;mahdi BAC/RC;médiathèque;les-bac-math-phys-2-07
باك — رياضيات;Bac Math - Physique;RC;Exercice 6;;exercice;vidéo;MAHDI-PHYS-062;correction ex n 06 dipole RC.mp4;mahdi BAC/RC;médiathèque;les-bac-math-phys-2-08
باك — رياضيات;Bac Math - Physique;RC;Exercice 6;;exercice;document;MAHDI-PHYS-068;ex 05-06 dipole RC.pdf;mahdi BAC/RC;médiathèque;les-bac-math-phys-2-08
باك — رياضيات;Bac Math - Physique;La bobine;Bobine;;cours;vidéo;MAHDI-PHYS-009;la bobine.mp4;mahdi BAC/Bobine dpx;médiathèque;les-bac-math-phys-3-01
باك — رياضيات;Bac Math - Physique;La bobine;Bobine;;cours;document;MAHDI-PHYS-005;LA BOBINE (avec des notes).pdf;mahdi BAC/Bobine dpx;médiathèque;les-bac-math-phys-3-01
باك — رياضيات;Bac Math - Physique;La bobine;Bobine;;cours;document;MAHDI-PHYS-006;LA BOBINE (vierge).pdf;mahdi BAC/Bobine dpx;médiathèque;les-bac-math-phys-3-01
باك — رياضيات;Bac Math - Physique;La bobine;Exercice 1;;exercice;vidéo;MAHDI-PHYS-007;la bobine correction ex n 01.mp4;mahdi BAC/Bobine dpx;médiathèque;les-bac-math-phys-3-02
باك — رياضيات;Bac Math - Physique;La bobine;Exercice 1;;exercice;document;MAHDI-PHYS-003;ex n 01-ex n 02 la bobine.pdf;mahdi BAC/Bobine dpx;médiathèque;les-bac-math-phys-3-02
باك — رياضيات;Bac Math - Physique;La bobine;Exercice 2;;exercice;vidéo;MAHDI-PHYS-008;la bobine correction ex n 02.mp4;mahdi BAC/Bobine dpx;médiathèque;les-bac-math-phys-3-03
باك — رياضيات;Bac Math - Physique;La bobine;Exercice 2;;exercice;document;MAHDI-PHYS-003;ex n 01-ex n 02 la bobine.pdf;mahdi BAC/Bobine dpx;médiathèque;les-bac-math-phys-3-03
باك — رياضيات;Bac Math - Physique;La bobine;Exercice 3;;exercice;vidéo;MAHDI-PHYS-002;bobine correction ex n 03.mp4;mahdi BAC/Bobine dpx;médiathèque;les-bac-math-phys-3-04
باك — رياضيات;Bac Math - Physique;La bobine;Exercice 3;;exercice;document;MAHDI-PHYS-004;ex n 03 bobine.pdf;mahdi BAC/Bobine dpx;médiathèque;les-bac-math-phys-3-04
باك — رياضيات;Bac Math - Physique;RL;Dipôle RL : étude expérimentale;dipole RL : étude exprementale;cours;vidéo;MAHDI-PHYS-081;dipole RL étude exprementale.mp4;mahdi BAC/RL;médiathèque;les-bac-math-phys-4-01
باك — رياضيات;Bac Math - Physique;RL;Dipôle RL : étude expérimentale;dipole RL : étude exprementale;cours;document;MAHDI-PHYS-084;PDF COURS DIPOLE RL.pdf;mahdi BAC/RL;médiathèque;les-bac-math-phys-4-01
باك — رياضيات;Bac Math - Physique;RL;Dipôle RL : étude théorique;dipole RL : etude théorique;cours;vidéo;MAHDI-PHYS-080;dipole RL etude théorique.mp4;mahdi BAC/RL;médiathèque;les-bac-math-phys-4-02
باك — رياضيات;Bac Math - Physique;RL;Dipôle RL : étude théorique;dipole RL : etude théorique;cours;document;MAHDI-PHYS-084;PDF COURS DIPOLE RL.pdf;mahdi BAC/RL;médiathèque;les-bac-math-phys-4-02
باك — رياضيات;Bac Math - Physique;RL;Exercice 1;;exercice;vidéo;MAHDI-PHYS-075;dipole RL correction EX n 01.mp4;mahdi BAC/RL;médiathèque;les-bac-math-phys-4-03
باك — رياضيات;Bac Math - Physique;RL;Exercice 1;;exercice;document;MAHDI-PHYS-073;correction ex n 01-ex n 02 dipole RL.pdf;mahdi BAC/RL;médiathèque;les-bac-math-phys-4-03
باك — رياضيات;Bac Math - Physique;RL;Exercice 2;;exercice;vidéo;MAHDI-PHYS-074;dipole RL  correction EX n 02.mp4;mahdi BAC/RL;médiathèque;les-bac-math-phys-4-04
باك — رياضيات;Bac Math - Physique;RL;Exercice 2;;exercice;document;MAHDI-PHYS-073;correction ex n 01-ex n 02 dipole RL.pdf;mahdi BAC/RL;médiathèque;les-bac-math-phys-4-04
باك — رياضيات;Bac Math - Physique;RL;Exercice 3;;exercice;vidéo;MAHDI-PHYS-076;dipole RL correction EX n 03.mp4;mahdi BAC/RL;médiathèque;les-bac-math-phys-4-05
باك — رياضيات;Bac Math - Physique;RL;Exercice 3;;exercice;document;MAHDI-PHYS-070;correction ex 02_ex 03 oscillations libres amorties.pdf;mahdi BAC/RL;médiathèque;les-bac-math-phys-4-05
باك — رياضيات;Bac Math - Physique;RL;Exercice 4;;exercice;vidéo;MAHDI-PHYS-077;dipole RL correction EX n 04.mp4;mahdi BAC/RL;médiathèque;les-bac-math-phys-4-06
باك — رياضيات;Bac Math - Physique;RL;Exercice 4;;exercice;document;MAHDI-PHYS-071;correction ex 03-ex 04 dipole RL.pdf;mahdi BAC/RL;médiathèque;les-bac-math-phys-4-06
باك — رياضيات;Bac Math - Physique;RL;Exercice 5;;exercice;vidéo;MAHDI-PHYS-078;dipole RL correction EX n 05.mp4;mahdi BAC/RL;médiathèque;les-bac-math-phys-4-07
باك — رياضيات;Bac Math - Physique;RL;Exercice 5;;exercice;document;MAHDI-PHYS-072;correction ex 05-ex 06 dipole RL.pdf;mahdi BAC/RL;médiathèque;les-bac-math-phys-4-07
باك — رياضيات;Bac Math - Physique;RL;Exercice 6;;exercice;vidéo;MAHDI-PHYS-079;dipole RL correction EX n 06.mp4;mahdi BAC/RL;médiathèque;les-bac-math-phys-4-08
باك — رياضيات;Bac Math - Physique;RL;Exercice 6;;exercice;document;MAHDI-PHYS-072;correction ex 05-ex 06 dipole RL.pdf;mahdi BAC/RL;médiathèque;les-bac-math-phys-4-08
باك — رياضيات;Bac Math - Physique;Oscillations libres amorties;Oscillations amorties libres : étude expérimentale;oscillatations amorties libres : etude exprémentale;cours;vidéo;MAHDI-PHYS-033;oscillatations amorties etude exprémentale.mp4;mahdi BAC/oscillations libres amorties dpx;médiathèque;les-bac-math-phys-5-01
باك — رياضيات;Bac Math - Physique;Oscillations libres amorties;Oscillations amorties libres : étude expérimentale;oscillatations amorties libres : etude exprémentale;cours;document;MAHDI-PHYS-038;OSCILLATIONS ELECTRIQUES LIBRES AMORTIES pdf.pdf;mahdi BAC/oscillations libres amorties dpx;médiathèque;les-bac-math-phys-5-01
باك — رياضيات;Bac Math - Physique;Oscillations libres amorties;Oscillations amorties libres : étude théorique;oscillations amorties libres : etude théorique;cours;vidéo;MAHDI-PHYS-037;oscillations amorties etude théorique.mp4;mahdi BAC/oscillations libres amorties dpx;médiathèque;les-bac-math-phys-5-02
باك — رياضيات;Bac Math - Physique;Oscillations libres amorties;Oscillations amorties libres : étude théorique;oscillations amorties libres : etude théorique;cours;document;MAHDI-PHYS-038;OSCILLATIONS ELECTRIQUES LIBRES AMORTIES pdf.pdf;mahdi BAC/oscillations libres amorties dpx;médiathèque;les-bac-math-phys-5-02
باك — رياضيات;Bac Math - Physique;Oscillations libres amorties;Exercice 1;;exercice;vidéo;MAHDI-PHYS-034;oscillations amorties correction EX n 01.mp4;mahdi BAC/oscillations libres amorties dpx;médiathèque;les-bac-math-phys-5-03
باك — رياضيات;Bac Math - Physique;Oscillations libres amorties;Exercice 1;;exercice;document;MAHDI-PHYS-031;correction ex 01 oscillations libres amortie.pdf;mahdi BAC/oscillations libres amorties dpx;médiathèque;les-bac-math-phys-5-03
باك — رياضيات;Bac Math - Physique;Oscillations libres amorties;Exercice 2;;exercice;vidéo;MAHDI-PHYS-035;oscillations amorties correction EX n 02.mp4;mahdi BAC/oscillations libres amorties dpx;médiathèque;les-bac-math-phys-5-04
باك — رياضيات;Bac Math - Physique;Oscillations libres amorties;Exercice 2;;exercice;document;MAHDI-PHYS-032;correction ex 02_ex 03 oscillations libres amorties.pdf;mahdi BAC/oscillations libres amorties dpx;médiathèque;les-bac-math-phys-5-04
باك — رياضيات;Bac Math - Physique;Oscillations libres amorties;Exercice 3;;exercice;vidéo;MAHDI-PHYS-036;oscillations amorties correction EX n 03.mp4;mahdi BAC/oscillations libres amorties dpx;médiathèque;les-bac-math-phys-5-05
باك — رياضيات;Bac Math - Physique;Oscillations libres amorties;Exercice 3;;exercice;document;MAHDI-PHYS-032;correction ex 02_ex 03 oscillations libres amorties.pdf;mahdi BAC/oscillations libres amorties dpx;médiathèque;les-bac-math-phys-5-05
باك — رياضيات;Bac Math - Physique;Oscillations électriques libres non amorties;Oscillations non amorties : étude expérimentale;oscillatations non amorties : etude exprémentale;cours;vidéo;MAHDI-PHYS-054;oscillations non amorties étude exprémentale.mp4;mahdi BAC/oscillations non amorties;médiathèque;les-bac-math-phys-6-01
باك — رياضيات;Bac Math - Physique;Oscillations électriques libres non amorties;Oscillations non amorties : étude expérimentale;oscillatations non amorties : etude exprémentale;cours;document;MAHDI-PHYS-039;O oSCILLATIONS ELECTRIQUES LIBRES NON AMORTIES pdf.pdf;mahdi BAC/oscillations non amorties;médiathèque;les-bac-math-phys-6-01
باك — رياضيات;Bac Math - Physique;Oscillations électriques libres non amorties;Oscillations non amorties : étude théorique (partie 1);oscillatations non amorties : étude théorique (part 1);cours;vidéo;MAHDI-PHYS-050;oscillations non amortie etude théorique partie 1 mp4.mp4;mahdi BAC/oscillations non amorties;médiathèque;les-bac-math-phys-6-02
باك — رياضيات;Bac Math - Physique;Oscillations électriques libres non amorties;Oscillations non amorties : étude théorique (partie 1);oscillatations non amorties : étude théorique (part 1);cours;document;MAHDI-PHYS-039;O oSCILLATIONS ELECTRIQUES LIBRES NON AMORTIES pdf.pdf;mahdi BAC/oscillations non amorties;médiathèque;les-bac-math-phys-6-02
باك — رياضيات;Bac Math - Physique;Oscillations électriques libres non amorties;Oscillations non amorties : étude théorique (partie 2);oscillatations non amorties : étude théorique (part 2);cours;vidéo;MAHDI-PHYS-053;oscillations non amorties etude théoerique partie 2 p4.mp4;mahdi BAC/oscillations non amorties;médiathèque;les-bac-math-phys-6-03
باك — رياضيات;Bac Math - Physique;Oscillations électriques libres non amorties;Oscillations non amorties : étude théorique (partie 2);oscillatations non amorties : étude théorique (part 2);cours;document;MAHDI-PHYS-039;O oSCILLATIONS ELECTRIQUES LIBRES NON AMORTIES pdf.pdf;mahdi BAC/oscillations non amorties;médiathèque;les-bac-math-phys-6-03
باك — رياضيات;Bac Math - Physique;Oscillations électriques libres non amorties;Exercice 1;;exercice;vidéo;MAHDI-PHYS-051;oscillations non amorties correction EX n 01.mp4;mahdi BAC/oscillations non amorties;médiathèque;les-bac-math-phys-6-04
باك — رياضيات;Bac Math - Physique;Oscillations électriques libres non amorties;Exercice 1;;exercice;document;MAHDI-PHYS-040;osc non amorties ex n 01-ex n 02.pdf;mahdi BAC/oscillations non amorties;médiathèque;les-bac-math-phys-6-04
باك — رياضيات;Bac Math - Physique;Oscillations électriques libres non amorties;Exercice 2;;exercice;vidéo;MAHDI-PHYS-055;oscllations non amortie correction EX n 02.mp4;mahdi BAC/oscillations non amorties;médiathèque;les-bac-math-phys-6-05
باك — رياضيات;Bac Math - Physique;Oscillations électriques libres non amorties;Exercice 2;;exercice;document;MAHDI-PHYS-040;osc non amorties ex n 01-ex n 02.pdf;mahdi BAC/oscillations non amorties;médiathèque;les-bac-math-phys-6-05
باك — رياضيات;Bac Math - Physique;Oscillations électriques libres non amorties;Exercice 3;;exercice;vidéo;MAHDI-PHYS-052;oscillations non amorties correction EX n 03.mp4;mahdi BAC/oscillations non amorties;médiathèque;les-bac-math-phys-6-06
باك — رياضيات;Bac Math - Physique;Oscillations électriques libres non amorties;Exercice 3;;exercice;document;MAHDI-PHYS-041;osc non amorties ex n 03 - ex n 04.pdf;mahdi BAC/oscillations non amorties;médiathèque;les-bac-math-phys-6-06
باك — رياضيات;Bac Math - Physique;Oscillations électriques libres non amorties;Exercice 4;Exercice 4 (manq ved);exercice;vidéo;MAHDI-PHYS-043;oscillation non amorties correction EX n 04.mp4;mahdi BAC/oscillations non amorties;médiathèque;les-bac-math-phys-6-07
باك — رياضيات;Bac Math - Physique;Oscillations électriques libres non amorties;Exercice 4;Exercice 4 (manq ved);exercice;document;MAHDI-PHYS-041;osc non amorties ex n 03 - ex n 04.pdf;mahdi BAC/oscillations non amorties;médiathèque;les-bac-math-phys-6-07
باك — رياضيات;Bac Math - Physique;Oscillations électriques libres non amorties;Exercice 5;Exercice 5 (manq ved);exercice;vidéo;MAHDI-PHYS-044;oscillation non amorties correction EX n 05.mp4;mahdi BAC/oscillations non amorties;médiathèque;les-bac-math-phys-6-08
باك — رياضيات;Bac Math - Physique;Oscillations électriques libres non amorties;Exercice 5;Exercice 5 (manq ved);exercice;document;MAHDI-PHYS-042;osc non amorties ex n 05.pdf;mahdi BAC/oscillations non amorties;médiathèque;les-bac-math-phys-6-08
باك — رياضيات;Bac Math - Physique;Cinétique chimique;Avancement d'une réaction chimique;;cours;vidéo;MAHDI-PHYS-010;avancement d'une réaction chimique.mp4;mahdi BAC/cinétique chimique dpx;médiathèque;les-bac-math-phys-7-01
باك — رياضيات;Bac Math - Physique;Cinétique chimique;Avancement d'une réaction chimique;;cours;document;MAHDI-PHYS-020;pdf Cinétique chimique - Chapitre 1 - Cours et Exercices.pdf;mahdi BAC/cinétique chimique dpx;médiathèque;les-bac-math-phys-7-01
باك — رياضيات;Bac Math - Physique;Cinétique chimique;Vitesse d'une réaction chimique;Vitesse d'une réaction chimique (sc +math);cours;vidéo;MAHDI-PHYS-022;vitesse d'une réaction chimique.mp4;mahdi BAC/cinétique chimique dpx;médiathèque;les-bac-math-phys-7-02
باك — رياضيات;Bac Math - Physique;Cinétique chimique;Vitesse d'une réaction chimique;Vitesse d'une réaction chimique (sc +math);cours;document;MAHDI-PHYS-020;pdf Cinétique chimique - Chapitre 1 - Cours et Exercices.pdf;mahdi BAC/cinétique chimique dpx;médiathèque;les-bac-math-phys-7-02
باك — رياضيات;Bac Math - Physique;Cinétique chimique;Notion d'équilibre chimique et estérification;;cours;vidéo;MAHDI-PHYS-019;notion equilibre chimique et esterification.mp4;mahdi BAC/cinétique chimique dpx;médiathèque;les-bac-math-phys-7-03
باك — رياضيات;Bac Math - Physique;Cinétique chimique;Notion d'équilibre chimique et estérification;;cours;document;MAHDI-PHYS-021;pdf L'équilibre chimique BAC.pdf;mahdi BAC/cinétique chimique dpx;médiathèque;les-bac-math-phys-7-03
باك — رياضيات;Bac Math - Physique;Cinétique chimique;Loi d'action de masse;;cours;vidéo;MAHDI-PHYS-018;loi d'action de masse.mp4;mahdi BAC/cinétique chimique dpx;médiathèque;les-bac-math-phys-7-04
باك — رياضيات;Bac Math - Physique;Cinétique chimique;Loi d'action de masse;;cours;document;MAHDI-PHYS-021;pdf L'équilibre chimique BAC.pdf;mahdi BAC/cinétique chimique dpx;médiathèque;les-bac-math-phys-7-04
باك — رياضيات;Bac Math - Physique;Cinétique chimique;Exercice 1 : cinétique chimique;;exercice;vidéo;MAHDI-PHYS-014;cinétique chimique ex n 01.mp4;mahdi BAC/cinétique chimique dpx;médiathèque;les-bac-math-phys-7-05
باك — رياضيات;Bac Math - Physique;Cinétique chimique;Exercice 1 : cinétique chimique;;exercice;document;MAHDI-PHYS-020;pdf Cinétique chimique - Chapitre 1 - Cours et Exercices.pdf;mahdi BAC/cinétique chimique dpx;médiathèque;les-bac-math-phys-7-05
باك — رياضيات;Bac Math - Physique;Cinétique chimique;Exercice 2 : cinétique chimique;;exercice;vidéo;MAHDI-PHYS-012;cinétique chimique correction ex n 02.mp4;mahdi BAC/cinétique chimique dpx;médiathèque;les-bac-math-phys-7-06
باك — رياضيات;Bac Math - Physique;Cinétique chimique;Exercice 2 : cinétique chimique;;exercice;document;MAHDI-PHYS-020;pdf Cinétique chimique - Chapitre 1 - Cours et Exercices.pdf;mahdi BAC/cinétique chimique dpx;médiathèque;les-bac-math-phys-7-06
باك — رياضيات;Bac Math - Physique;Cinétique chimique;Exercice 3 : cinétique chimique;;exercice;vidéo;MAHDI-PHYS-011;cinetique chimique correction EX n 03.mp4;mahdi BAC/cinétique chimique dpx;médiathèque;les-bac-math-phys-7-07
باك — رياضيات;Bac Math - Physique;Cinétique chimique;Exercice 3 : cinétique chimique;;exercice;document;MAHDI-PHYS-020;pdf Cinétique chimique - Chapitre 1 - Cours et Exercices.pdf;mahdi BAC/cinétique chimique dpx;médiathèque;les-bac-math-phys-7-07
باك — رياضيات;Bac Math - Physique;Cinétique chimique;Exercice 4 : cinétique chimique;;exercice;vidéo;MAHDI-PHYS-013;cinétique chimique correction EX n 04.mp4;mahdi BAC/cinétique chimique dpx;médiathèque;les-bac-math-phys-7-08
باك — رياضيات;Bac Math - Physique;Cinétique chimique;Exercice 4 : cinétique chimique;;exercice;document;MAHDI-PHYS-020;pdf Cinétique chimique - Chapitre 1 - Cours et Exercices.pdf;mahdi BAC/cinétique chimique dpx;médiathèque;les-bac-math-phys-7-08
باك — رياضيات;Bac Math - Physique;Cinétique chimique;Exercice 1 : équilibre chimique;;exercice;vidéo;MAHDI-PHYS-015;equilibre chimique correction EX n 01.mp4;mahdi BAC/cinétique chimique dpx;médiathèque;les-bac-math-phys-7-09
باك — رياضيات;Bac Math - Physique;Cinétique chimique;Exercice 1 : équilibre chimique;;exercice;document;MAHDI-PHYS-021;pdf L'équilibre chimique BAC.pdf;mahdi BAC/cinétique chimique dpx;médiathèque;les-bac-math-phys-7-09
باك — رياضيات;Bac Math - Physique;Cinétique chimique;Exercice 2 : équilibre chimique;;exercice;vidéo;MAHDI-PHYS-016;equilibre chimique correction EX n 02.mp4;mahdi BAC/cinétique chimique dpx;médiathèque;les-bac-math-phys-7-10
باك — رياضيات;Bac Math - Physique;Cinétique chimique;Exercice 2 : équilibre chimique;;exercice;document;MAHDI-PHYS-021;pdf L'équilibre chimique BAC.pdf;mahdi BAC/cinétique chimique dpx;médiathèque;les-bac-math-phys-7-10
باك — رياضيات;Bac Math - Physique;Cinétique chimique;Exercice 3 : équilibre chimique;;exercice;vidéo;MAHDI-PHYS-017;equilibre chimique correction EX n 03.mp4;mahdi BAC/cinétique chimique dpx;médiathèque;les-bac-math-phys-7-11
باك — رياضيات;Bac Math - Physique;Cinétique chimique;Exercice 3 : équilibre chimique;;exercice;document;MAHDI-PHYS-021;pdf L'équilibre chimique BAC.pdf;mahdi BAC/cinétique chimique dpx;médiathèque;les-bac-math-phys-7-11
باك — رياضيات;Bac Math - SVT;Chapitre 1 : La fonction reproductrice chez l'homme;La fonction reproductrice chez l'homme;chapitre 1 : la fonction reproductrice chez l'homme;cours;vidéo;MOHSSEN-SVT-018;MOHSSEN-SVT-018;—;hors index du catalogue;les-bac-math-svt-1-01
باك — رياضيات;Bac Math - SVT;Chapitre 1 : La fonction reproductrice chez l'homme;La fonction reproductrice chez l'homme;chapitre 1 : la fonction reproductrice chez l'homme;cours;document;cours 1/cours 1 la fonction reproductrice chez  l_homme.pdf;cours 1 la fonction reproductrice chez  l_homme.pdf;cours 1;dossier de la clé;les-bac-math-svt-1-01
باك — رياضيات;Bac Math - SVT;Chapitre 1 : La fonction reproductrice chez l'homme;Fonctions des testicules;;cours;vidéo;MOHSSEN-SVT-024;L2 WA.mp4;mohssen SVT/trimestre 1/théme 1 Reproduction humaine et santé/cours 2;médiathèque;les-bac-math-svt-1-02
باك — رياضيات;Bac Math - SVT;Chapitre 1 : La fonction reproductrice chez l'homme;Fonctions des testicules;;cours;document;MOHSSEN-SVT-023;Fonctions des testicules2023.pdf;mohssen SVT/trimestre 1/théme 1 Reproduction humaine et santé/cours 2;médiathèque;les-bac-math-svt-1-02
باك — رياضيات;Bac Math - SVT;Chapitre 1 : La fonction reproductrice chez l'homme;Contrôle de l'activité testiculaire;contrôle de l'activité testiculaire cours;cours;vidéo;MOHSSEN-SVT-025;L3.mp4;mohssen SVT/trimestre 1/théme 1 Reproduction humaine et santé/cours 3;médiathèque;les-bac-math-svt-1-03
باك — رياضيات;Bac Math - SVT;Chapitre 1 : La fonction reproductrice chez l'homme;Contrôle de l'activité testiculaire;contrôle de l'activité testiculaire cours;cours;document;MOHSSEN-SVT-026;L3 controle de l_activite testiculaire cours.pdf;mohssen SVT/trimestre 1/théme 1 Reproduction humaine et santé/cours 3;médiathèque;les-bac-math-svt-1-03
باك — رياضيات;Bac Math - SVT;Chapitre 1 : La fonction reproductrice chez l'homme;Exercice typique homme;;exercice;vidéo;MOHSSEN-SVT-001;Exercice typique  homme.mp4;mohssen SVT/trimestre 1/exercices théme 1/exercices thème 1/Exercice typique  homme;médiathèque;les-bac-math-svt-1-04
باك — رياضيات;Bac Math - SVT;Chapitre 1 : La fonction reproductrice chez l'homme;Exercice typique homme;;exercice;document;MOHSSEN-SVT-002;pdf.pdf;mohssen SVT/trimestre 1/exercices théme 1/exercices thème 1/Exercice typique  homme;médiathèque;les-bac-math-svt-1-04
باك — رياضيات;Bac Math - SVT;Chapitre 2 : La fonction reproductrice chez la femme;La fonction reproductrice chez la femme;Chapitre 2 : La fonction reproductrice chez la femme;cours;vidéo;MOHSSEN-SVT-027;L4    La fonction reproductrice chez la femme - Copie.mp4;mohssen SVT/trimestre 1/théme 1 Reproduction humaine et santé/cours 4;médiathèque;les-bac-math-svt-1-05
باك — رياضيات;Bac Math - SVT;Chapitre 2 : La fonction reproductrice chez la femme;La fonction reproductrice chez la femme;Chapitre 2 : La fonction reproductrice chez la femme;cours;document;MOHSSEN-SVT-028;la fonction reproductrice chez la femme.pdf;mohssen SVT/trimestre 1/théme 1 Reproduction humaine et santé/cours 4;médiathèque;les-bac-math-svt-1-05
باك — رياضيات;Bac Math - SVT;Chapitre 2 : La fonction reproductrice chez la femme;L'appareil reproducteur de la femme;l'appareil reproducteur de la femme (L5 );cours;vidéo;MOHSSEN-SVT-029;MOHSSEN-SVT-029;—;hors index du catalogue;les-bac-math-svt-1-06
باك — رياضيات;Bac Math - SVT;Chapitre 2 : La fonction reproductrice chez la femme;L'appareil reproducteur de la femme;l'appareil reproducteur de la femme (L5 );cours;document;cours 5/la fonction reproductrice chez la femme .pdf;la fonction reproductrice chez la femme .pdf;cours 5;dossier de la clé;les-bac-math-svt-1-06
باك — رياضيات;Bac Math - SVT;Chapitre 2 : La fonction reproductrice chez la femme;Cycles sexuels;;cours;vidéo;MOHSSEN-SVT-032;L6 cycle sexuels.mp4;mohssen SVT/trimestre 1/théme 1 Reproduction humaine et santé/cours 6;médiathèque;les-bac-math-svt-1-07
باك — رياضيات;Bac Math - SVT;Chapitre 2 : La fonction reproductrice chez la femme;Cycles sexuels;;cours;document;MOHSSEN-SVT-031;cycles sexuls.pdf;mohssen SVT/trimestre 1/théme 1 Reproduction humaine et santé/cours 6;médiathèque;les-bac-math-svt-1-07
باك — رياضيات;Bac Math - SVT;Chapitre 2 : La fonction reproductrice chez la femme;Cycle ovarien hormonal;;cours;vidéo;MOHSSEN-SVT-034;L7 cycle ovarien hormonal.mp4;mohssen SVT/trimestre 1/théme 1 Reproduction humaine et santé/cours 7;médiathèque;les-bac-math-svt-1-08
باك — رياضيات;Bac Math - SVT;Chapitre 2 : La fonction reproductrice chez la femme;Cycle ovarien hormonal;;cours;document;MOHSSEN-SVT-033;cycle ovarien hormonal202.pdf;mohssen SVT/trimestre 1/théme 1 Reproduction humaine et santé/cours 7;médiathèque;les-bac-math-svt-1-08
باك — رياضيات;Bac Math - SVT;Chapitre 2 : La fonction reproductrice chez la femme;Exercice typique femme;;exercice;vidéo;MOHSSEN-SVT-003;exercice typique femme.mp4;mohssen SVT/trimestre 1/exercices théme 1/exercices thème 1/exercice typique femme;médiathèque;les-bac-math-svt-1-09
باك — رياضيات;Bac Math - SVT;Chapitre 2 : La fonction reproductrice chez la femme;Exercice typique femme;;exercice;document;MOHSSEN-SVT-004;exercice-femme2023 (1).pdf;mohssen SVT/trimestre 1/exercices théme 1/exercices thème 1/exercice typique femme;médiathèque;les-bac-math-svt-1-09
باك — رياضيات;Bac Math - SVT;Chapitre 2 : La fonction reproductrice chez la femme;Régulation du cycle sexuel;Régulation du cycle sexuel (L8);cours;vidéo;MOHSSEN-SVT-036;MOHSSEN-SVT-036;—;hors index du catalogue;les-bac-math-svt-1-10
باك — رياضيات;Bac Math - SVT;Chapitre 2 : La fonction reproductrice chez la femme;Régulation du cycle sexuel;Régulation du cycle sexuel (L8);cours;document;cours 8/L8 regulation du cycle sexul.pdf;L8 regulation du cycle sexul.pdf;cours 8;dossier de la clé;les-bac-math-svt-1-10
باك — علوم إعلامية;Bac Info - Physique;Le condensateur;Étude expérimentale;Etude Exprémentale;cours;vidéo;MAHDI-PHYS-026;le condensateur  etude exprémentale.mp4;mahdi BAC/condensateur dpx;médiathèque;les-bac-info-phys-1-01
باك — علوم إعلامية;Bac Info - Physique;Le condensateur;Étude expérimentale;Etude Exprémentale;cours;document;MAHDI-PHYS-023;chapitre 01 BS.pdf;mahdi BAC/condensateur dpx;médiathèque;les-bac-info-phys-1-01
باك — علوم إعلامية;Bac Info - Physique;Le condensateur;Étude théorique;Etude theorique;cours;vidéo;MAHDI-PHYS-029;le condensateur etude théorique.mp4;mahdi BAC/condensateur dpx;médiathèque;les-bac-info-phys-1-02
باك — علوم إعلامية;Bac Info - Physique;Le condensateur;Étude théorique;Etude theorique;cours;document;MAHDI-PHYS-023;chapitre 01 BS.pdf;mahdi BAC/condensateur dpx;médiathèque;les-bac-info-phys-1-02
باك — علوم إعلامية;Bac Info - Physique;Le condensateur;Exercice 1;;exercice;vidéo;MAHDI-PHYS-024;condensateur correction ex n 01.mp4;mahdi BAC/condensateur dpx;médiathèque;les-bac-info-phys-1-03
باك — علوم إعلامية;Bac Info - Physique;Le condensateur;Exercice 1;;exercice;document;MAHDI-PHYS-030;pdf le condensateur (correx ex).pdf;mahdi BAC/condensateur dpx;médiathèque;les-bac-info-phys-1-03
باك — علوم إعلامية;Bac Info - Physique;Le condensateur;Exercice 2;;exercice;vidéo;MAHDI-PHYS-025;condensateur correction exercice n 02.mp4;mahdi BAC/condensateur dpx;médiathèque;les-bac-info-phys-1-04
باك — علوم إعلامية;Bac Info - Physique;Le condensateur;Exercice 2;;exercice;document;MAHDI-PHYS-030;pdf le condensateur (correx ex).pdf;mahdi BAC/condensateur dpx;médiathèque;les-bac-info-phys-1-04
باك — علوم إعلامية;Bac Info - Physique;Le condensateur;Exercice 3;;exercice;vidéo;MAHDI-PHYS-027;le condensateur correction exercice 03.mp4;mahdi BAC/condensateur dpx;médiathèque;les-bac-info-phys-1-05
باك — علوم إعلامية;Bac Info - Physique;Le condensateur;Exercice 3;;exercice;document;MAHDI-PHYS-030;pdf le condensateur (correx ex).pdf;mahdi BAC/condensateur dpx;médiathèque;les-bac-info-phys-1-05
باك — علوم إعلامية;Bac Info - Physique;Le condensateur;Exercice 4;;exercice;vidéo;MAHDI-PHYS-028;le condensateur correction exercice n 04.mp4;mahdi BAC/condensateur dpx;médiathèque;les-bac-info-phys-1-06
باك — علوم إعلامية;Bac Info - Physique;Le condensateur;Exercice 4;;exercice;document;MAHDI-PHYS-030;pdf le condensateur (correx ex).pdf;mahdi BAC/condensateur dpx;médiathèque;les-bac-info-phys-1-06
باك — علوم إعلامية;Bac Info - Physique;RC;Dipôle RC : étude expérimentale;dipole RC : étude exprémentale;cours;vidéo;MAHDI-PHYS-066;dipole RC étude exprémentale.mp4;mahdi BAC/RC;médiathèque;les-bac-info-phys-2-01
باك — علوم إعلامية;Bac Info - Physique;RC;Dipôle RC : étude expérimentale;dipole RC : étude exprémentale;cours;document;MAHDI-PHYS-063;DIPOLE RC (avec notes).pdf;mahdi BAC/RC;médiathèque;les-bac-info-phys-2-01
باك — علوم إعلامية;Bac Info - Physique;RC;Dipôle RC : étude expérimentale;dipole RC : étude exprémentale;cours;document;MAHDI-PHYS-064;DIPOLE RC (vierge).pdf;mahdi BAC/RC;médiathèque;les-bac-info-phys-2-01
باك — علوم إعلامية;Bac Info - Physique;RC;Dipôle RC : étude théorique;dipole RC : étude théorique;cours;vidéo;MAHDI-PHYS-065;dipole RC etude théorique ...mp4;mahdi BAC/RC;médiathèque;les-bac-info-phys-2-02
باك — علوم إعلامية;Bac Info - Physique;RC;Dipôle RC : étude théorique;dipole RC : étude théorique;cours;document;MAHDI-PHYS-063;DIPOLE RC (avec notes).pdf;mahdi BAC/RC;médiathèque;les-bac-info-phys-2-02
باك — علوم إعلامية;Bac Info - Physique;RC;Dipôle RC : étude théorique;dipole RC : étude théorique;cours;document;MAHDI-PHYS-064;DIPOLE RC (vierge).pdf;mahdi BAC/RC;médiathèque;les-bac-info-phys-2-02
باك — علوم إعلامية;Bac Info - Physique;RC;Exercice 1;;exercice;vidéo;MAHDI-PHYS-057;correction ex n 01 dipole RC.mp4;mahdi BAC/RC;médiathèque;les-bac-info-phys-2-03
باك — علوم إعلامية;Bac Info - Physique;RC;Exercice 1;;exercice;document;MAHDI-PHYS-069;exercice 01-02 dipole RC.pdf;mahdi BAC/RC;médiathèque;les-bac-info-phys-2-03
باك — علوم إعلامية;Bac Info - Physique;RC;Exercice 2;;exercice;vidéo;MAHDI-PHYS-058;correction ex n 02 dipole RC.mp4;mahdi BAC/RC;médiathèque;les-bac-info-phys-2-04
باك — علوم إعلامية;Bac Info - Physique;RC;Exercice 2;;exercice;document;MAHDI-PHYS-069;exercice 01-02 dipole RC.pdf;mahdi BAC/RC;médiathèque;les-bac-info-phys-2-04
باك — علوم إعلامية;Bac Info - Physique;RC;Exercice 3;;exercice;vidéo;MAHDI-PHYS-059;correction ex n 03 dipole RC.mp4;mahdi BAC/RC;médiathèque;les-bac-info-phys-2-05
باك — علوم إعلامية;Bac Info - Physique;RC;Exercice 3;;exercice;document;MAHDI-PHYS-067;ex 03-04 dipole rc.pdf;mahdi BAC/RC;médiathèque;les-bac-info-phys-2-05
باك — علوم إعلامية;Bac Info - Physique;RC;Exercice 4;;exercice;vidéo;MAHDI-PHYS-060;correction ex n 04 dipole RC.mp4;mahdi BAC/RC;médiathèque;les-bac-info-phys-2-06
باك — علوم إعلامية;Bac Info - Physique;RC;Exercice 4;;exercice;document;MAHDI-PHYS-067;ex 03-04 dipole rc.pdf;mahdi BAC/RC;médiathèque;les-bac-info-phys-2-06
باك — علوم إعلامية;Bac Info - Physique;RC;Exercice 5;;exercice;vidéo;MAHDI-PHYS-061;correction ex n 05 dipole RC.mp4;mahdi BAC/RC;médiathèque;les-bac-info-phys-2-07
باك — علوم إعلامية;Bac Info - Physique;RC;Exercice 5;;exercice;document;MAHDI-PHYS-068;ex 05-06 dipole RC.pdf;mahdi BAC/RC;médiathèque;les-bac-info-phys-2-07
باك — علوم إعلامية;Bac Info - Physique;RC;Exercice 6;;exercice;vidéo;MAHDI-PHYS-062;correction ex n 06 dipole RC.mp4;mahdi BAC/RC;médiathèque;les-bac-info-phys-2-08
باك — علوم إعلامية;Bac Info - Physique;RC;Exercice 6;;exercice;document;MAHDI-PHYS-068;ex 05-06 dipole RC.pdf;mahdi BAC/RC;médiathèque;les-bac-info-phys-2-08
باك — علوم إعلامية;Bac Info - Physique;La bobine;Bobine;;cours;vidéo;MAHDI-PHYS-009;la bobine.mp4;mahdi BAC/Bobine dpx;médiathèque;les-bac-info-phys-3-01
باك — علوم إعلامية;Bac Info - Physique;La bobine;Bobine;;cours;document;MAHDI-PHYS-005;LA BOBINE (avec des notes).pdf;mahdi BAC/Bobine dpx;médiathèque;les-bac-info-phys-3-01
باك — علوم إعلامية;Bac Info - Physique;La bobine;Bobine;;cours;document;MAHDI-PHYS-006;LA BOBINE (vierge).pdf;mahdi BAC/Bobine dpx;médiathèque;les-bac-info-phys-3-01
باك — علوم إعلامية;Bac Info - Physique;La bobine;Exercice 1;;exercice;vidéo;MAHDI-PHYS-007;la bobine correction ex n 01.mp4;mahdi BAC/Bobine dpx;médiathèque;les-bac-info-phys-3-02
باك — علوم إعلامية;Bac Info - Physique;La bobine;Exercice 1;;exercice;document;MAHDI-PHYS-003;ex n 01-ex n 02 la bobine.pdf;mahdi BAC/Bobine dpx;médiathèque;les-bac-info-phys-3-02
باك — علوم إعلامية;Bac Info - Physique;La bobine;Exercice 2;;exercice;vidéo;MAHDI-PHYS-008;la bobine correction ex n 02.mp4;mahdi BAC/Bobine dpx;médiathèque;les-bac-info-phys-3-03
باك — علوم إعلامية;Bac Info - Physique;La bobine;Exercice 2;;exercice;document;MAHDI-PHYS-003;ex n 01-ex n 02 la bobine.pdf;mahdi BAC/Bobine dpx;médiathèque;les-bac-info-phys-3-03
باك — علوم إعلامية;Bac Info - Physique;La bobine;Exercice 3;;exercice;vidéo;MAHDI-PHYS-002;bobine correction ex n 03.mp4;mahdi BAC/Bobine dpx;médiathèque;les-bac-info-phys-3-04
باك — علوم إعلامية;Bac Info - Physique;La bobine;Exercice 3;;exercice;document;MAHDI-PHYS-004;ex n 03 bobine.pdf;mahdi BAC/Bobine dpx;médiathèque;les-bac-info-phys-3-04
باك — علوم إعلامية;Bac Info - Physique;RL;Dipôle RL : étude expérimentale;dipole RL : étude exprementale;cours;vidéo;MAHDI-PHYS-081;dipole RL étude exprementale.mp4;mahdi BAC/RL;médiathèque;les-bac-info-phys-4-01
باك — علوم إعلامية;Bac Info - Physique;RL;Dipôle RL : étude expérimentale;dipole RL : étude exprementale;cours;document;MAHDI-PHYS-084;PDF COURS DIPOLE RL.pdf;mahdi BAC/RL;médiathèque;les-bac-info-phys-4-01
باك — علوم إعلامية;Bac Info - Physique;RL;Dipôle RL : étude théorique;dipole RL : etude théorique;cours;vidéo;MAHDI-PHYS-080;dipole RL etude théorique.mp4;mahdi BAC/RL;médiathèque;les-bac-info-phys-4-02
باك — علوم إعلامية;Bac Info - Physique;RL;Dipôle RL : étude théorique;dipole RL : etude théorique;cours;document;MAHDI-PHYS-084;PDF COURS DIPOLE RL.pdf;mahdi BAC/RL;médiathèque;les-bac-info-phys-4-02
باك — علوم إعلامية;Bac Info - Physique;RL;Exercice 1;;exercice;vidéo;MAHDI-PHYS-075;dipole RL correction EX n 01.mp4;mahdi BAC/RL;médiathèque;les-bac-info-phys-4-03
باك — علوم إعلامية;Bac Info - Physique;RL;Exercice 1;;exercice;document;MAHDI-PHYS-073;correction ex n 01-ex n 02 dipole RL.pdf;mahdi BAC/RL;médiathèque;les-bac-info-phys-4-03
باك — علوم إعلامية;Bac Info - Physique;RL;Exercice 2;;exercice;vidéo;MAHDI-PHYS-074;dipole RL  correction EX n 02.mp4;mahdi BAC/RL;médiathèque;les-bac-info-phys-4-04
باك — علوم إعلامية;Bac Info - Physique;RL;Exercice 2;;exercice;document;MAHDI-PHYS-073;correction ex n 01-ex n 02 dipole RL.pdf;mahdi BAC/RL;médiathèque;les-bac-info-phys-4-04
باك — علوم إعلامية;Bac Info - Physique;RL;Exercice 3;;exercice;vidéo;MAHDI-PHYS-076;dipole RL correction EX n 03.mp4;mahdi BAC/RL;médiathèque;les-bac-info-phys-4-05
باك — علوم إعلامية;Bac Info - Physique;RL;Exercice 3;;exercice;document;MAHDI-PHYS-070;correction ex 02_ex 03 oscillations libres amorties.pdf;mahdi BAC/RL;médiathèque;les-bac-info-phys-4-05
باك — علوم إعلامية;Bac Info - Physique;RL;Exercice 4;;exercice;vidéo;MAHDI-PHYS-077;dipole RL correction EX n 04.mp4;mahdi BAC/RL;médiathèque;les-bac-info-phys-4-06
باك — علوم إعلامية;Bac Info - Physique;RL;Exercice 4;;exercice;document;MAHDI-PHYS-071;correction ex 03-ex 04 dipole RL.pdf;mahdi BAC/RL;médiathèque;les-bac-info-phys-4-06
باك — علوم إعلامية;Bac Info - Physique;RL;Exercice 5;;exercice;vidéo;MAHDI-PHYS-078;dipole RL correction EX n 05.mp4;mahdi BAC/RL;médiathèque;les-bac-info-phys-4-07
باك — علوم إعلامية;Bac Info - Physique;RL;Exercice 5;;exercice;document;MAHDI-PHYS-072;correction ex 05-ex 06 dipole RL.pdf;mahdi BAC/RL;médiathèque;les-bac-info-phys-4-07
باك — علوم إعلامية;Bac Info - Physique;RL;Exercice 6;;exercice;vidéo;MAHDI-PHYS-079;dipole RL correction EX n 06.mp4;mahdi BAC/RL;médiathèque;les-bac-info-phys-4-08
باك — علوم إعلامية;Bac Info - Physique;RL;Exercice 6;;exercice;document;MAHDI-PHYS-072;correction ex 05-ex 06 dipole RL.pdf;mahdi BAC/RL;médiathèque;les-bac-info-phys-4-08
باك — علوم إعلامية;Bac Info - Physique;Oscillations libres amorties;Oscillations amorties libres : étude expérimentale;oscillatations amorties libres : etude exprémentale;cours;vidéo;MAHDI-PHYS-033;oscillatations amorties etude exprémentale.mp4;mahdi BAC/oscillations libres amorties dpx;médiathèque;les-bac-info-phys-5-01
باك — علوم إعلامية;Bac Info - Physique;Oscillations libres amorties;Oscillations amorties libres : étude expérimentale;oscillatations amorties libres : etude exprémentale;cours;document;MAHDI-PHYS-038;OSCILLATIONS ELECTRIQUES LIBRES AMORTIES pdf.pdf;mahdi BAC/oscillations libres amorties dpx;médiathèque;les-bac-info-phys-5-01
باك — علوم إعلامية;Bac Info - Physique;Oscillations libres amorties;Oscillations amorties libres : étude théorique;oscillations amorties libres : etude théorique;cours;vidéo;MAHDI-PHYS-037;oscillations amorties etude théorique.mp4;mahdi BAC/oscillations libres amorties dpx;médiathèque;les-bac-info-phys-5-02
باك — علوم إعلامية;Bac Info - Physique;Oscillations libres amorties;Oscillations amorties libres : étude théorique;oscillations amorties libres : etude théorique;cours;document;MAHDI-PHYS-038;OSCILLATIONS ELECTRIQUES LIBRES AMORTIES pdf.pdf;mahdi BAC/oscillations libres amorties dpx;médiathèque;les-bac-info-phys-5-02
باك — علوم إعلامية;Bac Info - Physique;Oscillations libres amorties;Exercice 1;;exercice;vidéo;MAHDI-PHYS-034;oscillations amorties correction EX n 01.mp4;mahdi BAC/oscillations libres amorties dpx;médiathèque;les-bac-info-phys-5-03
باك — علوم إعلامية;Bac Info - Physique;Oscillations libres amorties;Exercice 1;;exercice;document;MAHDI-PHYS-031;correction ex 01 oscillations libres amortie.pdf;mahdi BAC/oscillations libres amorties dpx;médiathèque;les-bac-info-phys-5-03
باك — علوم إعلامية;Bac Info - Physique;Oscillations libres amorties;Exercice 2;;exercice;vidéo;MAHDI-PHYS-035;oscillations amorties correction EX n 02.mp4;mahdi BAC/oscillations libres amorties dpx;médiathèque;les-bac-info-phys-5-04
باك — علوم إعلامية;Bac Info - Physique;Oscillations libres amorties;Exercice 2;;exercice;document;MAHDI-PHYS-032;correction ex 02_ex 03 oscillations libres amorties.pdf;mahdi BAC/oscillations libres amorties dpx;médiathèque;les-bac-info-phys-5-04
باك — علوم إعلامية;Bac Info - Physique;Oscillations libres amorties;Exercice 3;;exercice;vidéo;MAHDI-PHYS-036;oscillations amorties correction EX n 03.mp4;mahdi BAC/oscillations libres amorties dpx;médiathèque;les-bac-info-phys-5-05
باك — علوم إعلامية;Bac Info - Physique;Oscillations libres amorties;Exercice 3;;exercice;document;MAHDI-PHYS-032;correction ex 02_ex 03 oscillations libres amorties.pdf;mahdi BAC/oscillations libres amorties dpx;médiathèque;les-bac-info-phys-5-05
باك — علوم إعلامية;Bac Info - Physique;Oscillations électriques libres non amorties;Oscillations non amorties : étude expérimentale;oscillatations non amorties : etude exprémentale;cours;vidéo;MAHDI-PHYS-054;oscillations non amorties étude exprémentale.mp4;mahdi BAC/oscillations non amorties;médiathèque;les-bac-info-phys-6-01
باك — علوم إعلامية;Bac Info - Physique;Oscillations électriques libres non amorties;Oscillations non amorties : étude expérimentale;oscillatations non amorties : etude exprémentale;cours;document;MAHDI-PHYS-039;O oSCILLATIONS ELECTRIQUES LIBRES NON AMORTIES pdf.pdf;mahdi BAC/oscillations non amorties;médiathèque;les-bac-info-phys-6-01
باك — علوم إعلامية;Bac Info - Physique;Oscillations électriques libres non amorties;Oscillations non amorties : étude théorique (partie 1);oscillatations non amorties : étude théorique (part 1);cours;vidéo;MAHDI-PHYS-050;oscillations non amortie etude théorique partie 1 mp4.mp4;mahdi BAC/oscillations non amorties;médiathèque;les-bac-info-phys-6-02
باك — علوم إعلامية;Bac Info - Physique;Oscillations électriques libres non amorties;Oscillations non amorties : étude théorique (partie 1);oscillatations non amorties : étude théorique (part 1);cours;document;MAHDI-PHYS-039;O oSCILLATIONS ELECTRIQUES LIBRES NON AMORTIES pdf.pdf;mahdi BAC/oscillations non amorties;médiathèque;les-bac-info-phys-6-02
باك — علوم إعلامية;Bac Info - Physique;Oscillations électriques libres non amorties;Oscillations non amorties : étude théorique (partie 2);oscillatations non amorties : étude théorique (part 2);cours;vidéo;MAHDI-PHYS-053;oscillations non amorties etude théoerique partie 2 p4.mp4;mahdi BAC/oscillations non amorties;médiathèque;les-bac-info-phys-6-03
باك — علوم إعلامية;Bac Info - Physique;Oscillations électriques libres non amorties;Oscillations non amorties : étude théorique (partie 2);oscillatations non amorties : étude théorique (part 2);cours;document;MAHDI-PHYS-039;O oSCILLATIONS ELECTRIQUES LIBRES NON AMORTIES pdf.pdf;mahdi BAC/oscillations non amorties;médiathèque;les-bac-info-phys-6-03
باك — علوم إعلامية;Bac Info - Physique;Oscillations électriques libres non amorties;Exercice 1;;exercice;vidéo;MAHDI-PHYS-051;oscillations non amorties correction EX n 01.mp4;mahdi BAC/oscillations non amorties;médiathèque;les-bac-info-phys-6-04
باك — علوم إعلامية;Bac Info - Physique;Oscillations électriques libres non amorties;Exercice 1;;exercice;document;MAHDI-PHYS-040;osc non amorties ex n 01-ex n 02.pdf;mahdi BAC/oscillations non amorties;médiathèque;les-bac-info-phys-6-04
باك — علوم إعلامية;Bac Info - Physique;Oscillations électriques libres non amorties;Exercice 2;;exercice;vidéo;MAHDI-PHYS-055;oscllations non amortie correction EX n 02.mp4;mahdi BAC/oscillations non amorties;médiathèque;les-bac-info-phys-6-05
باك — علوم إعلامية;Bac Info - Physique;Oscillations électriques libres non amorties;Exercice 2;;exercice;document;MAHDI-PHYS-040;osc non amorties ex n 01-ex n 02.pdf;mahdi BAC/oscillations non amorties;médiathèque;les-bac-info-phys-6-05
باك — علوم إعلامية;Bac Info - Physique;Oscillations électriques libres non amorties;Exercice 3;;exercice;vidéo;MAHDI-PHYS-052;oscillations non amorties correction EX n 03.mp4;mahdi BAC/oscillations non amorties;médiathèque;les-bac-info-phys-6-06
باك — علوم إعلامية;Bac Info - Physique;Oscillations électriques libres non amorties;Exercice 3;;exercice;document;MAHDI-PHYS-041;osc non amorties ex n 03 - ex n 04.pdf;mahdi BAC/oscillations non amorties;médiathèque;les-bac-info-phys-6-06
باك — علوم إعلامية;Bac Info - Physique;Oscillations électriques libres non amorties;Exercice 4;Exercice 4 (manq ved);exercice;vidéo;MAHDI-PHYS-043;oscillation non amorties correction EX n 04.mp4;mahdi BAC/oscillations non amorties;médiathèque;les-bac-info-phys-6-07
باك — علوم إعلامية;Bac Info - Physique;Oscillations électriques libres non amorties;Exercice 4;Exercice 4 (manq ved);exercice;document;MAHDI-PHYS-041;osc non amorties ex n 03 - ex n 04.pdf;mahdi BAC/oscillations non amorties;médiathèque;les-bac-info-phys-6-07
باك — علوم إعلامية;Bac Info - Physique;Oscillations électriques libres non amorties;Exercice 5;Exercice 5 (manq ved);exercice;vidéo;MAHDI-PHYS-044;oscillation non amorties correction EX n 05.mp4;mahdi BAC/oscillations non amorties;médiathèque;les-bac-info-phys-6-08
باك — علوم إعلامية;Bac Info - Physique;Oscillations électriques libres non amorties;Exercice 5;Exercice 5 (manq ved);exercice;document;MAHDI-PHYS-042;osc non amorties ex n 05.pdf;mahdi BAC/oscillations non amorties;médiathèque;les-bac-info-phys-6-08
باك — علوم إعلامية;Bac Info - Physique;Oscillations électriques entretenues;Oscillations entretenues;oscillations entretenues;cours;vidéo;MAHDI-PHYS-049;oscillations entretenues cours.mp4;mahdi BAC/oscillations non amorties;médiathèque;les-bac-info-phys-8-01
باك — علوم إعلامية;Bac Info - Physique;Oscillations électriques entretenues;Oscillations entretenues;oscillations entretenues;cours;document;MAHDI-PHYS-056;pdf oscillations electriques entretenues.pdf;mahdi BAC/oscillations non amorties;médiathèque;les-bac-info-phys-8-01
باك — علوم إعلامية;Bac Info - Physique;Oscillations électriques entretenues;Exercice 1;;exercice;vidéo;MAHDI-PHYS-046;oscillations entretenues correction EX n 01.mp4;mahdi BAC/oscillations non amorties;médiathèque;les-bac-info-phys-8-02
باك — علوم إعلامية;Bac Info - Physique;Oscillations électriques entretenues;Exercice 1;;exercice;document;MAHDI-PHYS-056;pdf oscillations electriques entretenues.pdf;mahdi BAC/oscillations non amorties;médiathèque;les-bac-info-phys-8-02
باك — علوم إعلامية;Bac Info - Physique;Oscillations électriques entretenues;Exercice 2;;exercice;vidéo;MAHDI-PHYS-047;oscillations entretenues correction EX n 02.mp4;mahdi BAC/oscillations non amorties;médiathèque;les-bac-info-phys-8-03
باك — علوم إعلامية;Bac Info - Physique;Oscillations électriques entretenues;Exercice 2;;exercice;document;MAHDI-PHYS-056;pdf oscillations electriques entretenues.pdf;mahdi BAC/oscillations non amorties;médiathèque;les-bac-info-phys-8-03
باك — علوم إعلامية;Bac Info - Physique;Oscillations électriques entretenues;Exercice 3;;exercice;vidéo;MAHDI-PHYS-045;oscillations entretenues correction EX  n 03.mp4;mahdi BAC/oscillations non amorties;médiathèque;les-bac-info-phys-8-04
باك — علوم إعلامية;Bac Info - Physique;Oscillations électriques entretenues;Exercice 3;;exercice;document;MAHDI-PHYS-056;pdf oscillations electriques entretenues.pdf;mahdi BAC/oscillations non amorties;médiathèque;les-bac-info-phys-8-04
باك — علوم إعلامية;Bac Info - Physique;Oscillations électriques entretenues;Exercice 4;;exercice;vidéo;MAHDI-PHYS-048;oscillations entretenues correction EX n 04.mp4;mahdi BAC/oscillations non amorties;médiathèque;les-bac-info-phys-8-05
باك — علوم إعلامية;Bac Info - Physique;Oscillations électriques entretenues;Exercice 4;;exercice;document;MAHDI-PHYS-056;pdf oscillations electriques entretenues.pdf;mahdi BAC/oscillations non amorties;médiathèque;les-bac-info-phys-8-05
باك — علوم تقنية;Bac Technique - Physique;Le condensateur;Étude expérimentale;Etude Exprémentale;cours;vidéo;MAHDI-PHYS-026;le condensateur  etude exprémentale.mp4;mahdi BAC/condensateur dpx;médiathèque;les-bac-tech-phys-1-01
باك — علوم تقنية;Bac Technique - Physique;Le condensateur;Étude expérimentale;Etude Exprémentale;cours;document;MAHDI-PHYS-023;chapitre 01 BS.pdf;mahdi BAC/condensateur dpx;médiathèque;les-bac-tech-phys-1-01
باك — علوم تقنية;Bac Technique - Physique;Le condensateur;Étude théorique;Etude theorique;cours;vidéo;MAHDI-PHYS-029;le condensateur etude théorique.mp4;mahdi BAC/condensateur dpx;médiathèque;les-bac-tech-phys-1-02
باك — علوم تقنية;Bac Technique - Physique;Le condensateur;Étude théorique;Etude theorique;cours;document;MAHDI-PHYS-023;chapitre 01 BS.pdf;mahdi BAC/condensateur dpx;médiathèque;les-bac-tech-phys-1-02
باك — علوم تقنية;Bac Technique - Physique;Le condensateur;Exercice 1;;exercice;vidéo;MAHDI-PHYS-024;condensateur correction ex n 01.mp4;mahdi BAC/condensateur dpx;médiathèque;les-bac-tech-phys-1-03
باك — علوم تقنية;Bac Technique - Physique;Le condensateur;Exercice 1;;exercice;document;MAHDI-PHYS-030;pdf le condensateur (correx ex).pdf;mahdi BAC/condensateur dpx;médiathèque;les-bac-tech-phys-1-03
باك — علوم تقنية;Bac Technique - Physique;Le condensateur;Exercice 2;;exercice;vidéo;MAHDI-PHYS-025;condensateur correction exercice n 02.mp4;mahdi BAC/condensateur dpx;médiathèque;les-bac-tech-phys-1-04
باك — علوم تقنية;Bac Technique - Physique;Le condensateur;Exercice 2;;exercice;document;MAHDI-PHYS-030;pdf le condensateur (correx ex).pdf;mahdi BAC/condensateur dpx;médiathèque;les-bac-tech-phys-1-04
باك — علوم تقنية;Bac Technique - Physique;Le condensateur;Exercice 3;;exercice;vidéo;MAHDI-PHYS-027;le condensateur correction exercice 03.mp4;mahdi BAC/condensateur dpx;médiathèque;les-bac-tech-phys-1-05
باك — علوم تقنية;Bac Technique - Physique;Le condensateur;Exercice 3;;exercice;document;MAHDI-PHYS-030;pdf le condensateur (correx ex).pdf;mahdi BAC/condensateur dpx;médiathèque;les-bac-tech-phys-1-05
باك — علوم تقنية;Bac Technique - Physique;Le condensateur;Exercice 4;;exercice;vidéo;MAHDI-PHYS-028;le condensateur correction exercice n 04.mp4;mahdi BAC/condensateur dpx;médiathèque;les-bac-tech-phys-1-06
باك — علوم تقنية;Bac Technique - Physique;Le condensateur;Exercice 4;;exercice;document;MAHDI-PHYS-030;pdf le condensateur (correx ex).pdf;mahdi BAC/condensateur dpx;médiathèque;les-bac-tech-phys-1-06
باك — علوم تقنية;Bac Technique - Physique;RC;Dipôle RC : étude expérimentale;dipole RC : étude exprémentale;cours;vidéo;MAHDI-PHYS-066;dipole RC étude exprémentale.mp4;mahdi BAC/RC;médiathèque;les-bac-tech-phys-2-01
باك — علوم تقنية;Bac Technique - Physique;RC;Dipôle RC : étude expérimentale;dipole RC : étude exprémentale;cours;document;MAHDI-PHYS-063;DIPOLE RC (avec notes).pdf;mahdi BAC/RC;médiathèque;les-bac-tech-phys-2-01
باك — علوم تقنية;Bac Technique - Physique;RC;Dipôle RC : étude expérimentale;dipole RC : étude exprémentale;cours;document;MAHDI-PHYS-064;DIPOLE RC (vierge).pdf;mahdi BAC/RC;médiathèque;les-bac-tech-phys-2-01
باك — علوم تقنية;Bac Technique - Physique;RC;Dipôle RC : étude théorique;dipole RC : étude théorique;cours;vidéo;MAHDI-PHYS-065;dipole RC etude théorique ...mp4;mahdi BAC/RC;médiathèque;les-bac-tech-phys-2-02
باك — علوم تقنية;Bac Technique - Physique;RC;Dipôle RC : étude théorique;dipole RC : étude théorique;cours;document;MAHDI-PHYS-063;DIPOLE RC (avec notes).pdf;mahdi BAC/RC;médiathèque;les-bac-tech-phys-2-02
باك — علوم تقنية;Bac Technique - Physique;RC;Dipôle RC : étude théorique;dipole RC : étude théorique;cours;document;MAHDI-PHYS-064;DIPOLE RC (vierge).pdf;mahdi BAC/RC;médiathèque;les-bac-tech-phys-2-02
باك — علوم تقنية;Bac Technique - Physique;RC;Exercice 1;;exercice;vidéo;MAHDI-PHYS-057;correction ex n 01 dipole RC.mp4;mahdi BAC/RC;médiathèque;les-bac-tech-phys-2-03
باك — علوم تقنية;Bac Technique - Physique;RC;Exercice 1;;exercice;document;MAHDI-PHYS-069;exercice 01-02 dipole RC.pdf;mahdi BAC/RC;médiathèque;les-bac-tech-phys-2-03
باك — علوم تقنية;Bac Technique - Physique;RC;Exercice 2;;exercice;vidéo;MAHDI-PHYS-058;correction ex n 02 dipole RC.mp4;mahdi BAC/RC;médiathèque;les-bac-tech-phys-2-04
باك — علوم تقنية;Bac Technique - Physique;RC;Exercice 2;;exercice;document;MAHDI-PHYS-069;exercice 01-02 dipole RC.pdf;mahdi BAC/RC;médiathèque;les-bac-tech-phys-2-04
باك — علوم تقنية;Bac Technique - Physique;RC;Exercice 3;;exercice;vidéo;MAHDI-PHYS-059;correction ex n 03 dipole RC.mp4;mahdi BAC/RC;médiathèque;les-bac-tech-phys-2-05
باك — علوم تقنية;Bac Technique - Physique;RC;Exercice 3;;exercice;document;MAHDI-PHYS-067;ex 03-04 dipole rc.pdf;mahdi BAC/RC;médiathèque;les-bac-tech-phys-2-05
باك — علوم تقنية;Bac Technique - Physique;RC;Exercice 4;;exercice;vidéo;MAHDI-PHYS-060;correction ex n 04 dipole RC.mp4;mahdi BAC/RC;médiathèque;les-bac-tech-phys-2-06
باك — علوم تقنية;Bac Technique - Physique;RC;Exercice 4;;exercice;document;MAHDI-PHYS-067;ex 03-04 dipole rc.pdf;mahdi BAC/RC;médiathèque;les-bac-tech-phys-2-06
باك — علوم تقنية;Bac Technique - Physique;RC;Exercice 5;;exercice;vidéo;MAHDI-PHYS-061;correction ex n 05 dipole RC.mp4;mahdi BAC/RC;médiathèque;les-bac-tech-phys-2-07
باك — علوم تقنية;Bac Technique - Physique;RC;Exercice 5;;exercice;document;MAHDI-PHYS-068;ex 05-06 dipole RC.pdf;mahdi BAC/RC;médiathèque;les-bac-tech-phys-2-07
باك — علوم تقنية;Bac Technique - Physique;RC;Exercice 6;;exercice;vidéo;MAHDI-PHYS-062;correction ex n 06 dipole RC.mp4;mahdi BAC/RC;médiathèque;les-bac-tech-phys-2-08
باك — علوم تقنية;Bac Technique - Physique;RC;Exercice 6;;exercice;document;MAHDI-PHYS-068;ex 05-06 dipole RC.pdf;mahdi BAC/RC;médiathèque;les-bac-tech-phys-2-08
باك — علوم تقنية;Bac Technique - Physique;La bobine;Bobine;;cours;vidéo;MAHDI-PHYS-009;la bobine.mp4;mahdi BAC/Bobine dpx;médiathèque;les-bac-tech-phys-3-01
باك — علوم تقنية;Bac Technique - Physique;La bobine;Bobine;;cours;document;MAHDI-PHYS-005;LA BOBINE (avec des notes).pdf;mahdi BAC/Bobine dpx;médiathèque;les-bac-tech-phys-3-01
باك — علوم تقنية;Bac Technique - Physique;La bobine;Bobine;;cours;document;MAHDI-PHYS-006;LA BOBINE (vierge).pdf;mahdi BAC/Bobine dpx;médiathèque;les-bac-tech-phys-3-01
باك — علوم تقنية;Bac Technique - Physique;La bobine;Exercice 1;;exercice;vidéo;MAHDI-PHYS-007;la bobine correction ex n 01.mp4;mahdi BAC/Bobine dpx;médiathèque;les-bac-tech-phys-3-02
باك — علوم تقنية;Bac Technique - Physique;La bobine;Exercice 1;;exercice;document;MAHDI-PHYS-003;ex n 01-ex n 02 la bobine.pdf;mahdi BAC/Bobine dpx;médiathèque;les-bac-tech-phys-3-02
باك — علوم تقنية;Bac Technique - Physique;La bobine;Exercice 2;;exercice;vidéo;MAHDI-PHYS-008;la bobine correction ex n 02.mp4;mahdi BAC/Bobine dpx;médiathèque;les-bac-tech-phys-3-03
باك — علوم تقنية;Bac Technique - Physique;La bobine;Exercice 2;;exercice;document;MAHDI-PHYS-003;ex n 01-ex n 02 la bobine.pdf;mahdi BAC/Bobine dpx;médiathèque;les-bac-tech-phys-3-03
باك — علوم تقنية;Bac Technique - Physique;La bobine;Exercice 3;;exercice;vidéo;MAHDI-PHYS-002;bobine correction ex n 03.mp4;mahdi BAC/Bobine dpx;médiathèque;les-bac-tech-phys-3-04
باك — علوم تقنية;Bac Technique - Physique;La bobine;Exercice 3;;exercice;document;MAHDI-PHYS-004;ex n 03 bobine.pdf;mahdi BAC/Bobine dpx;médiathèque;les-bac-tech-phys-3-04
باك — علوم تقنية;Bac Technique - Physique;RL;Dipôle RL : étude expérimentale;dipole RL : étude exprementale;cours;vidéo;MAHDI-PHYS-081;dipole RL étude exprementale.mp4;mahdi BAC/RL;médiathèque;les-bac-tech-phys-4-01
باك — علوم تقنية;Bac Technique - Physique;RL;Dipôle RL : étude expérimentale;dipole RL : étude exprementale;cours;document;MAHDI-PHYS-084;PDF COURS DIPOLE RL.pdf;mahdi BAC/RL;médiathèque;les-bac-tech-phys-4-01
باك — علوم تقنية;Bac Technique - Physique;RL;Dipôle RL : étude théorique;dipole RL : etude théorique;cours;vidéo;MAHDI-PHYS-080;dipole RL etude théorique.mp4;mahdi BAC/RL;médiathèque;les-bac-tech-phys-4-02
باك — علوم تقنية;Bac Technique - Physique;RL;Dipôle RL : étude théorique;dipole RL : etude théorique;cours;document;MAHDI-PHYS-084;PDF COURS DIPOLE RL.pdf;mahdi BAC/RL;médiathèque;les-bac-tech-phys-4-02
باك — علوم تقنية;Bac Technique - Physique;RL;Exercice 1;;exercice;vidéo;MAHDI-PHYS-075;dipole RL correction EX n 01.mp4;mahdi BAC/RL;médiathèque;les-bac-tech-phys-4-03
باك — علوم تقنية;Bac Technique - Physique;RL;Exercice 1;;exercice;document;MAHDI-PHYS-073;correction ex n 01-ex n 02 dipole RL.pdf;mahdi BAC/RL;médiathèque;les-bac-tech-phys-4-03
باك — علوم تقنية;Bac Technique - Physique;RL;Exercice 2;;exercice;vidéo;MAHDI-PHYS-074;dipole RL  correction EX n 02.mp4;mahdi BAC/RL;médiathèque;les-bac-tech-phys-4-04
باك — علوم تقنية;Bac Technique - Physique;RL;Exercice 2;;exercice;document;MAHDI-PHYS-073;correction ex n 01-ex n 02 dipole RL.pdf;mahdi BAC/RL;médiathèque;les-bac-tech-phys-4-04
باك — علوم تقنية;Bac Technique - Physique;RL;Exercice 3;;exercice;vidéo;MAHDI-PHYS-076;dipole RL correction EX n 03.mp4;mahdi BAC/RL;médiathèque;les-bac-tech-phys-4-05
باك — علوم تقنية;Bac Technique - Physique;RL;Exercice 3;;exercice;document;MAHDI-PHYS-070;correction ex 02_ex 03 oscillations libres amorties.pdf;mahdi BAC/RL;médiathèque;les-bac-tech-phys-4-05
باك — علوم تقنية;Bac Technique - Physique;RL;Exercice 4;;exercice;vidéo;MAHDI-PHYS-077;dipole RL correction EX n 04.mp4;mahdi BAC/RL;médiathèque;les-bac-tech-phys-4-06
باك — علوم تقنية;Bac Technique - Physique;RL;Exercice 4;;exercice;document;MAHDI-PHYS-071;correction ex 03-ex 04 dipole RL.pdf;mahdi BAC/RL;médiathèque;les-bac-tech-phys-4-06
باك — علوم تقنية;Bac Technique - Physique;RL;Exercice 5;;exercice;vidéo;MAHDI-PHYS-078;dipole RL correction EX n 05.mp4;mahdi BAC/RL;médiathèque;les-bac-tech-phys-4-07
باك — علوم تقنية;Bac Technique - Physique;RL;Exercice 5;;exercice;document;MAHDI-PHYS-072;correction ex 05-ex 06 dipole RL.pdf;mahdi BAC/RL;médiathèque;les-bac-tech-phys-4-07
باك — علوم تقنية;Bac Technique - Physique;RL;Exercice 6;;exercice;vidéo;MAHDI-PHYS-079;dipole RL correction EX n 06.mp4;mahdi BAC/RL;médiathèque;les-bac-tech-phys-4-08
باك — علوم تقنية;Bac Technique - Physique;RL;Exercice 6;;exercice;document;MAHDI-PHYS-072;correction ex 05-ex 06 dipole RL.pdf;mahdi BAC/RL;médiathèque;les-bac-tech-phys-4-08
باك — علوم تقنية;Bac Technique - Physique;Oscillations libres amorties;Oscillations amorties libres : étude expérimentale;oscillatations amorties libres : etude exprémentale;cours;vidéo;MAHDI-PHYS-033;oscillatations amorties etude exprémentale.mp4;mahdi BAC/oscillations libres amorties dpx;médiathèque;les-bac-tech-phys-5-01
باك — علوم تقنية;Bac Technique - Physique;Oscillations libres amorties;Oscillations amorties libres : étude expérimentale;oscillatations amorties libres : etude exprémentale;cours;document;MAHDI-PHYS-038;OSCILLATIONS ELECTRIQUES LIBRES AMORTIES pdf.pdf;mahdi BAC/oscillations libres amorties dpx;médiathèque;les-bac-tech-phys-5-01
باك — علوم تقنية;Bac Technique - Physique;Oscillations libres amorties;Oscillations amorties libres : étude théorique;oscillations amorties libres : etude théorique;cours;vidéo;MAHDI-PHYS-037;oscillations amorties etude théorique.mp4;mahdi BAC/oscillations libres amorties dpx;médiathèque;les-bac-tech-phys-5-02
باك — علوم تقنية;Bac Technique - Physique;Oscillations libres amorties;Oscillations amorties libres : étude théorique;oscillations amorties libres : etude théorique;cours;document;MAHDI-PHYS-038;OSCILLATIONS ELECTRIQUES LIBRES AMORTIES pdf.pdf;mahdi BAC/oscillations libres amorties dpx;médiathèque;les-bac-tech-phys-5-02
باك — علوم تقنية;Bac Technique - Physique;Oscillations libres amorties;Exercice 1;;exercice;vidéo;MAHDI-PHYS-034;oscillations amorties correction EX n 01.mp4;mahdi BAC/oscillations libres amorties dpx;médiathèque;les-bac-tech-phys-5-03
باك — علوم تقنية;Bac Technique - Physique;Oscillations libres amorties;Exercice 1;;exercice;document;MAHDI-PHYS-031;correction ex 01 oscillations libres amortie.pdf;mahdi BAC/oscillations libres amorties dpx;médiathèque;les-bac-tech-phys-5-03
باك — علوم تقنية;Bac Technique - Physique;Oscillations libres amorties;Exercice 2;;exercice;vidéo;MAHDI-PHYS-035;oscillations amorties correction EX n 02.mp4;mahdi BAC/oscillations libres amorties dpx;médiathèque;les-bac-tech-phys-5-04
باك — علوم تقنية;Bac Technique - Physique;Oscillations libres amorties;Exercice 2;;exercice;document;MAHDI-PHYS-032;correction ex 02_ex 03 oscillations libres amorties.pdf;mahdi BAC/oscillations libres amorties dpx;médiathèque;les-bac-tech-phys-5-04
باك — علوم تقنية;Bac Technique - Physique;Oscillations libres amorties;Exercice 3;;exercice;vidéo;MAHDI-PHYS-036;oscillations amorties correction EX n 03.mp4;mahdi BAC/oscillations libres amorties dpx;médiathèque;les-bac-tech-phys-5-05
باك — علوم تقنية;Bac Technique - Physique;Oscillations libres amorties;Exercice 3;;exercice;document;MAHDI-PHYS-032;correction ex 02_ex 03 oscillations libres amorties.pdf;mahdi BAC/oscillations libres amorties dpx;médiathèque;les-bac-tech-phys-5-05
باك — علوم تقنية;Bac Technique - Physique;Oscillations électriques libres non amorties;Oscillations non amorties : étude expérimentale;oscillatations non amorties : etude exprémentale;cours;vidéo;MAHDI-PHYS-054;oscillations non amorties étude exprémentale.mp4;mahdi BAC/oscillations non amorties;médiathèque;les-bac-tech-phys-6-01
باك — علوم تقنية;Bac Technique - Physique;Oscillations électriques libres non amorties;Oscillations non amorties : étude expérimentale;oscillatations non amorties : etude exprémentale;cours;document;MAHDI-PHYS-039;O oSCILLATIONS ELECTRIQUES LIBRES NON AMORTIES pdf.pdf;mahdi BAC/oscillations non amorties;médiathèque;les-bac-tech-phys-6-01
باك — علوم تقنية;Bac Technique - Physique;Oscillations électriques libres non amorties;Oscillations non amorties : étude théorique (partie 1);oscillatations non amorties : étude théorique (part 1);cours;vidéo;MAHDI-PHYS-050;oscillations non amortie etude théorique partie 1 mp4.mp4;mahdi BAC/oscillations non amorties;médiathèque;les-bac-tech-phys-6-02
باك — علوم تقنية;Bac Technique - Physique;Oscillations électriques libres non amorties;Oscillations non amorties : étude théorique (partie 1);oscillatations non amorties : étude théorique (part 1);cours;document;MAHDI-PHYS-039;O oSCILLATIONS ELECTRIQUES LIBRES NON AMORTIES pdf.pdf;mahdi BAC/oscillations non amorties;médiathèque;les-bac-tech-phys-6-02
باك — علوم تقنية;Bac Technique - Physique;Oscillations électriques libres non amorties;Oscillations non amorties : étude théorique (partie 2);oscillatations non amorties : étude théorique (part 2);cours;vidéo;MAHDI-PHYS-053;oscillations non amorties etude théoerique partie 2 p4.mp4;mahdi BAC/oscillations non amorties;médiathèque;les-bac-tech-phys-6-03
باك — علوم تقنية;Bac Technique - Physique;Oscillations électriques libres non amorties;Oscillations non amorties : étude théorique (partie 2);oscillatations non amorties : étude théorique (part 2);cours;document;MAHDI-PHYS-039;O oSCILLATIONS ELECTRIQUES LIBRES NON AMORTIES pdf.pdf;mahdi BAC/oscillations non amorties;médiathèque;les-bac-tech-phys-6-03
باك — علوم تقنية;Bac Technique - Physique;Oscillations électriques libres non amorties;Exercice 1;;exercice;vidéo;MAHDI-PHYS-051;oscillations non amorties correction EX n 01.mp4;mahdi BAC/oscillations non amorties;médiathèque;les-bac-tech-phys-6-04
باك — علوم تقنية;Bac Technique - Physique;Oscillations électriques libres non amorties;Exercice 1;;exercice;document;MAHDI-PHYS-040;osc non amorties ex n 01-ex n 02.pdf;mahdi BAC/oscillations non amorties;médiathèque;les-bac-tech-phys-6-04
باك — علوم تقنية;Bac Technique - Physique;Oscillations électriques libres non amorties;Exercice 2;;exercice;vidéo;MAHDI-PHYS-055;oscllations non amortie correction EX n 02.mp4;mahdi BAC/oscillations non amorties;médiathèque;les-bac-tech-phys-6-05
باك — علوم تقنية;Bac Technique - Physique;Oscillations électriques libres non amorties;Exercice 2;;exercice;document;MAHDI-PHYS-040;osc non amorties ex n 01-ex n 02.pdf;mahdi BAC/oscillations non amorties;médiathèque;les-bac-tech-phys-6-05
باك — علوم تقنية;Bac Technique - Physique;Oscillations électriques libres non amorties;Exercice 3;;exercice;vidéo;MAHDI-PHYS-052;oscillations non amorties correction EX n 03.mp4;mahdi BAC/oscillations non amorties;médiathèque;les-bac-tech-phys-6-06
باك — علوم تقنية;Bac Technique - Physique;Oscillations électriques libres non amorties;Exercice 3;;exercice;document;MAHDI-PHYS-041;osc non amorties ex n 03 - ex n 04.pdf;mahdi BAC/oscillations non amorties;médiathèque;les-bac-tech-phys-6-06
باك — علوم تقنية;Bac Technique - Physique;Oscillations électriques libres non amorties;Exercice 4;Exercice 4 (manq ved);exercice;vidéo;MAHDI-PHYS-043;oscillation non amorties correction EX n 04.mp4;mahdi BAC/oscillations non amorties;médiathèque;les-bac-tech-phys-6-07
باك — علوم تقنية;Bac Technique - Physique;Oscillations électriques libres non amorties;Exercice 4;Exercice 4 (manq ved);exercice;document;MAHDI-PHYS-041;osc non amorties ex n 03 - ex n 04.pdf;mahdi BAC/oscillations non amorties;médiathèque;les-bac-tech-phys-6-07
باك — علوم تقنية;Bac Technique - Physique;Oscillations électriques libres non amorties;Exercice 5;Exercice 5 (manq ved);exercice;vidéo;MAHDI-PHYS-044;oscillation non amorties correction EX n 05.mp4;mahdi BAC/oscillations non amorties;médiathèque;les-bac-tech-phys-6-08
باك — علوم تقنية;Bac Technique - Physique;Oscillations électriques libres non amorties;Exercice 5;Exercice 5 (manq ved);exercice;document;MAHDI-PHYS-042;osc non amorties ex n 05.pdf;mahdi BAC/oscillations non amorties;médiathèque;les-bac-tech-phys-6-08
باك — علوم تقنية;Bac Technique - Physique;Cinétique chimique;Avancement d'une réaction chimique;;cours;vidéo;MAHDI-PHYS-010;avancement d'une réaction chimique.mp4;mahdi BAC/cinétique chimique dpx;médiathèque;les-bac-tech-phys-7-01
باك — علوم تقنية;Bac Technique - Physique;Cinétique chimique;Avancement d'une réaction chimique;;cours;document;MAHDI-PHYS-020;pdf Cinétique chimique - Chapitre 1 - Cours et Exercices.pdf;mahdi BAC/cinétique chimique dpx;médiathèque;les-bac-tech-phys-7-01
باك — علوم تقنية;Bac Technique - Physique;Cinétique chimique;Vitesse d'une réaction chimique;Vitesse d'une réaction chimique (sc +math);cours;vidéo;MAHDI-PHYS-022;vitesse d'une réaction chimique.mp4;mahdi BAC/cinétique chimique dpx;médiathèque;les-bac-tech-phys-7-02
باك — علوم تقنية;Bac Technique - Physique;Cinétique chimique;Vitesse d'une réaction chimique;Vitesse d'une réaction chimique (sc +math);cours;document;MAHDI-PHYS-020;pdf Cinétique chimique - Chapitre 1 - Cours et Exercices.pdf;mahdi BAC/cinétique chimique dpx;médiathèque;les-bac-tech-phys-7-02
باك — علوم تقنية;Bac Technique - Physique;Cinétique chimique;Notion d'équilibre chimique et estérification;;cours;vidéo;MAHDI-PHYS-019;notion equilibre chimique et esterification.mp4;mahdi BAC/cinétique chimique dpx;médiathèque;les-bac-tech-phys-7-03
باك — علوم تقنية;Bac Technique - Physique;Cinétique chimique;Notion d'équilibre chimique et estérification;;cours;document;MAHDI-PHYS-021;pdf L'équilibre chimique BAC.pdf;mahdi BAC/cinétique chimique dpx;médiathèque;les-bac-tech-phys-7-03
باك — علوم تقنية;Bac Technique - Physique;Cinétique chimique;Loi d'action de masse;;cours;vidéo;MAHDI-PHYS-018;loi d'action de masse.mp4;mahdi BAC/cinétique chimique dpx;médiathèque;les-bac-tech-phys-7-04
باك — علوم تقنية;Bac Technique - Physique;Cinétique chimique;Loi d'action de masse;;cours;document;MAHDI-PHYS-021;pdf L'équilibre chimique BAC.pdf;mahdi BAC/cinétique chimique dpx;médiathèque;les-bac-tech-phys-7-04
باك — علوم تقنية;Bac Technique - Physique;Cinétique chimique;Exercice 1 : cinétique chimique;;exercice;vidéo;MAHDI-PHYS-014;cinétique chimique ex n 01.mp4;mahdi BAC/cinétique chimique dpx;médiathèque;les-bac-tech-phys-7-05
باك — علوم تقنية;Bac Technique - Physique;Cinétique chimique;Exercice 1 : cinétique chimique;;exercice;document;MAHDI-PHYS-020;pdf Cinétique chimique - Chapitre 1 - Cours et Exercices.pdf;mahdi BAC/cinétique chimique dpx;médiathèque;les-bac-tech-phys-7-05
باك — علوم تقنية;Bac Technique - Physique;Cinétique chimique;Exercice 2 : cinétique chimique;;exercice;vidéo;MAHDI-PHYS-012;cinétique chimique correction ex n 02.mp4;mahdi BAC/cinétique chimique dpx;médiathèque;les-bac-tech-phys-7-06
باك — علوم تقنية;Bac Technique - Physique;Cinétique chimique;Exercice 2 : cinétique chimique;;exercice;document;MAHDI-PHYS-020;pdf Cinétique chimique - Chapitre 1 - Cours et Exercices.pdf;mahdi BAC/cinétique chimique dpx;médiathèque;les-bac-tech-phys-7-06
باك — علوم تقنية;Bac Technique - Physique;Cinétique chimique;Exercice 3 : cinétique chimique;;exercice;vidéo;MAHDI-PHYS-011;cinetique chimique correction EX n 03.mp4;mahdi BAC/cinétique chimique dpx;médiathèque;les-bac-tech-phys-7-07
باك — علوم تقنية;Bac Technique - Physique;Cinétique chimique;Exercice 3 : cinétique chimique;;exercice;document;MAHDI-PHYS-020;pdf Cinétique chimique - Chapitre 1 - Cours et Exercices.pdf;mahdi BAC/cinétique chimique dpx;médiathèque;les-bac-tech-phys-7-07
باك — علوم تقنية;Bac Technique - Physique;Cinétique chimique;Exercice 4 : cinétique chimique;;exercice;vidéo;MAHDI-PHYS-013;cinétique chimique correction EX n 04.mp4;mahdi BAC/cinétique chimique dpx;médiathèque;les-bac-tech-phys-7-08
باك — علوم تقنية;Bac Technique - Physique;Cinétique chimique;Exercice 4 : cinétique chimique;;exercice;document;MAHDI-PHYS-020;pdf Cinétique chimique - Chapitre 1 - Cours et Exercices.pdf;mahdi BAC/cinétique chimique dpx;médiathèque;les-bac-tech-phys-7-08
باك — علوم تقنية;Bac Technique - Physique;Cinétique chimique;Exercice 1 : équilibre chimique;;exercice;vidéo;MAHDI-PHYS-015;equilibre chimique correction EX n 01.mp4;mahdi BAC/cinétique chimique dpx;médiathèque;les-bac-tech-phys-7-09
باك — علوم تقنية;Bac Technique - Physique;Cinétique chimique;Exercice 1 : équilibre chimique;;exercice;document;MAHDI-PHYS-021;pdf L'équilibre chimique BAC.pdf;mahdi BAC/cinétique chimique dpx;médiathèque;les-bac-tech-phys-7-09
باك — علوم تقنية;Bac Technique - Physique;Cinétique chimique;Exercice 2 : équilibre chimique;;exercice;vidéo;MAHDI-PHYS-016;equilibre chimique correction EX n 02.mp4;mahdi BAC/cinétique chimique dpx;médiathèque;les-bac-tech-phys-7-10
باك — علوم تقنية;Bac Technique - Physique;Cinétique chimique;Exercice 2 : équilibre chimique;;exercice;document;MAHDI-PHYS-021;pdf L'équilibre chimique BAC.pdf;mahdi BAC/cinétique chimique dpx;médiathèque;les-bac-tech-phys-7-10
باك — علوم تقنية;Bac Technique - Physique;Cinétique chimique;Exercice 3 : équilibre chimique;;exercice;vidéo;MAHDI-PHYS-017;equilibre chimique correction EX n 03.mp4;mahdi BAC/cinétique chimique dpx;médiathèque;les-bac-tech-phys-7-11
باك — علوم تقنية;Bac Technique - Physique;Cinétique chimique;Exercice 3 : équilibre chimique;;exercice;document;MAHDI-PHYS-021;pdf L'équilibre chimique BAC.pdf;mahdi BAC/cinétique chimique dpx;médiathèque;les-bac-tech-phys-7-11
باك — علوم تجريبية;Bac Sciences - SVT;Chapitre 3 : La procréation;La procréation;Chapitre 3: la procréation;cours;vidéo;MOHSSEN-SVT-038;procréation 1.mp4;mohssen SVT/trimestre 1/théme 1 Reproduction humaine et santé/cours 9;médiathèque;les-bac-sci-svt-1-11
باك — علوم تجريبية;Bac Sciences - SVT;Chapitre 3 : La procréation;La procréation;Chapitre 3: la procréation;cours;document;MOHSSEN-SVT-037;L9 fécondation.pdf;mohssen SVT/trimestre 1/théme 1 Reproduction humaine et santé/cours 9;médiathèque;les-bac-sci-svt-1-11
باك — علوم تجريبية;Bac Sciences - SVT;Chapitre 3 : La procréation;Nidation et rôle du placenta;Nidation et rôle du placenta (L10);cours;vidéo;MOHSSEN-SVT-019;MOHSSEN-SVT-019;—;hors index du catalogue;les-bac-sci-svt-1-12
باك — علوم تجريبية;Bac Sciences - SVT;Chapitre 3 : La procréation;Nidation et rôle du placenta;Nidation et rôle du placenta (L10);cours;document;cours 10/nidation et role du placenta .pdf;nidation et role du placenta .pdf;cours 10;dossier de la clé;les-bac-sci-svt-1-12
باك — علوم تجريبية;Bac Sciences - SVT;Chapitre 3 : La procréation;Maîtrise de la procréation;Maitrise de la procréation (L11);cours;vidéo;MOHSSEN-SVT-022;Maitrise de la procréation.mp4;mohssen SVT/trimestre 1/théme 1 Reproduction humaine et santé/cours 11;médiathèque;les-bac-sci-svt-1-13
باك — علوم تجريبية;Bac Sciences - SVT;Chapitre 3 : La procréation;Maîtrise de la procréation;Maitrise de la procréation (L11);cours;document;cours 11/L 11 maitrise de la procréation.pdf;L 11 maitrise de la procréation.pdf;cours 11;dossier de la clé;les-bac-sci-svt-1-13
باك — علوم تجريبية;Bac Sciences - SVT;Chapitre 3 : La procréation;Exercice typique procréation;;exercice;vidéo;MOHSSEN-SVT-005;exercice typique procréation.mp4;mohssen SVT/trimestre 1/exercices théme 1/exercices thème 1/exercice typique procréation;médiathèque;les-bac-sci-svt-1-14
باك — علوم تجريبية;Bac Sciences - SVT;Chapitre 3 : La procréation;Exercice typique procréation;;exercice;document;MOHSSEN-SVT-006;exercice typique procréation.pdf;mohssen SVT/trimestre 1/exercices théme 1/exercices thème 1/exercice typique procréation;médiathèque;les-bac-sci-svt-1-14
باك — علوم تجريبية;Bac Sciences - SVT;Chapitre 3 : La procréation;QCM : reproduction humaine et santé;QCM reproduction humaine et santé;exercice;vidéo;MOHSSEN-SVT-008;qcm reproduction humaine et santé.mp4;mohssen SVT/trimestre 1/exercices théme 1/exercices thème 1/qcm reproduction humaine et santé;médiathèque;les-bac-sci-svt-1-15
باك — علوم تجريبية;Bac Sciences - SVT;Chapitre 3 : La procréation;QCM : reproduction humaine et santé;QCM reproduction humaine et santé;exercice;document;MOHSSEN-SVT-007;qcm dc 1 2022.pdf;mohssen SVT/trimestre 1/exercices théme 1/exercices thème 1/qcm reproduction humaine et santé;médiathèque;les-bac-sci-svt-1-15
باك — علوم تجريبية;Bac Sciences - SVT;Chapitre 4 : La génétique;Brassage de l'information génétique au cours de la reproduction sexuée;brassage de l'IG au cours de la reproduction sexuée;cours;vidéo;MOHSSEN-SVT-051;brassage de l'information génétique2025.mp4;mohssen SVT/trimestre 1/théme 2 la génétique (cours 12)/L1 brassage de l'IG au cours de la reproduction sexuée;médiathèque;les-bac-sci-svt-2-01
باك — علوم تجريبية;Bac Sciences - SVT;Chapitre 4 : La génétique;Brassage de l'information génétique au cours de la reproduction sexuée;brassage de l'IG au cours de la reproduction sexuée;cours;document;MOHSSEN-SVT-050;brassage de l'IG au cours de la reproduction sexuée.pdf;mohssen SVT/trimestre 1/théme 2 la génétique (cours 12)/L1 brassage de l'IG au cours de la reproduction sexuée;médiathèque;les-bac-sci-svt-2-01
باك — علوم تجريبية;Bac Sciences - SVT;Chapitre 4 : La génétique;Rappels de génétique formelle et monohybridisme;Rappels de génétique formelle et monohybridisme (L7);cours;vidéo;MOHSSEN-SVT-041;MOHSSEN-SVT-041;—;hors index du catalogue;les-bac-sci-svt-2-02
باك — علوم تجريبية;Bac Sciences - SVT;Chapitre 4 : La génétique;Deux gènes indépendants avec dominance absolue;;cours;vidéo;MOHSSEN-SVT-044;deux gènes indépendants.mp4;mohssen SVT/trimestre 1/théme 2 la génétique (cours 12)/L 3;médiathèque;les-bac-sci-svt-2-03
باك — علوم تجريبية;Bac Sciences - SVT;Chapitre 4 : La génétique;Deux gènes indépendants avec dominance absolue;;cours;document;MOHSSEN-SVT-042;deux gènes independants 2027.pdf;mohssen SVT/trimestre 1/théme 2 la génétique (cours 12)/L 3;médiathèque;les-bac-sci-svt-2-03
باك — علوم تجريبية;Bac Sciences - SVT;Chapitre 4 : La génétique;Deux gènes indépendants avec dominance absolue;;cours;document;MOHSSEN-SVT-043;deux gènes independants.pdf;mohssen SVT/trimestre 1/théme 2 la génétique (cours 12)/L 3;médiathèque;les-bac-sci-svt-2-03
باك — علوم تجريبية;Bac Sciences - SVT;Chapitre 4 : La génétique;Deux gènes liés liaison partielle;;cours;vidéo;MOHSSEN-SVT-046;deux gènes liés liaison partielle.mp4;mohssen SVT/trimestre 1/théme 2 la génétique (cours 12)/L 4;médiathèque;les-bac-sci-svt-2-04
باك — علوم تجريبية;Bac Sciences - SVT;Chapitre 4 : La génétique;Deux gènes liés liaison partielle;;cours;document;MOHSSEN-SVT-045;deux gènes liés liaison partielle.pdf;mohssen SVT/trimestre 1/théme 2 la génétique (cours 12)/L 4;médiathèque;les-bac-sci-svt-2-04
باك — علوم تجريبية;Bac Sciences - SVT;Chapitre 4 : La génétique;Deux gènes liés liaison partielle;;cours;document;MOHSSEN-SVT-047;deux gènes liés liaison partielle.pdf;mohssen SVT/trimestre 1/théme 2 la génétique (cours 12)/L 4;médiathèque;les-bac-sci-svt-2-04
باك — علوم تجريبية;Bac Sciences - SVT;Chapitre 4 : La génétique;Deux gènes liés liaison totale;;cours;vidéo;MOHSSEN-SVT-048;deux gènes liés liaison  totale.mp4;mohssen SVT/trimestre 1/théme 2 la génétique (cours 12)/L 5;médiathèque;les-bac-sci-svt-2-05
باك — علوم تجريبية;Bac Sciences - SVT;Chapitre 4 : La génétique;Deux gènes liés liaison totale;;cours;document;MOHSSEN-SVT-049;deux gènes liés liaison totale.pdf;mohssen SVT/trimestre 1/théme 2 la génétique (cours 12)/L 5;médiathèque;les-bac-sci-svt-2-05
باك — علوم تجريبية;Bac Sciences - SVT;Chapitre 4 : La génétique;Exercice : génétique des diploïdes;;exercice;vidéo;MOHSSEN-SVT-013;exercice génétique des diploides 1.mp4;mohssen SVT/trimestre 1/exercices théme 2/exercices génétique formelle/exercice génétique des diploides 1;médiathèque;les-bac-sci-svt-2-06
باك — علوم تجريبية;Bac Sciences - SVT;Chapitre 4 : La génétique;Exercice : génétique des diploïdes;;exercice;document;MOHSSEN-SVT-014;exercice génétique des diploides 1.pdf;mohssen SVT/trimestre 1/exercices théme 2/exercices génétique formelle/exercice génétique des diploides 1;médiathèque;les-bac-sci-svt-2-06
باك — علوم تجريبية;Bac Sciences - SVT;Chapitre 4 : La génétique;Méthodologie génétique des diploïdes;;exercice;vidéo;MOHSSEN-SVT-015;méthodologie génétique des diploides.mp4;mohssen SVT/trimestre 1/exercices théme 2/exercices génétique formelle/méthodologie génétique des diploides;médiathèque;les-bac-sci-svt-2-07
باك — علوم تجريبية;Bac Sciences - SVT;Chapitre 4 : La génétique;Méthodologie génétique des diploïdes;;exercice;document;MOHSSEN-SVT-016;méthodologie génétique des diploides.pdf;mohssen SVT/trimestre 1/exercices théme 2/exercices génétique formelle/méthodologie génétique des diploides;médiathèque;les-bac-sci-svt-2-07
باك — رياضيات;Bac Math - SVT;Chapitre 3 : La procréation;La procréation;Chapitre 3: la procréation;cours;vidéo;MOHSSEN-SVT-038;procréation 1.mp4;mohssen SVT/trimestre 1/théme 1 Reproduction humaine et santé/cours 9;médiathèque;les-bac-math-svt-1-11
باك — رياضيات;Bac Math - SVT;Chapitre 3 : La procréation;La procréation;Chapitre 3: la procréation;cours;document;MOHSSEN-SVT-037;L9 fécondation.pdf;mohssen SVT/trimestre 1/théme 1 Reproduction humaine et santé/cours 9;médiathèque;les-bac-math-svt-1-11
باك — رياضيات;Bac Math - SVT;Chapitre 3 : La procréation;Nidation et rôle du placenta;Nidation et rôle du placenta (L10);cours;vidéo;MOHSSEN-SVT-019;MOHSSEN-SVT-019;—;hors index du catalogue;les-bac-math-svt-1-12
باك — رياضيات;Bac Math - SVT;Chapitre 3 : La procréation;Nidation et rôle du placenta;Nidation et rôle du placenta (L10);cours;document;cours 10/nidation et role du placenta .pdf;nidation et role du placenta .pdf;cours 10;dossier de la clé;les-bac-math-svt-1-12
باك — رياضيات;Bac Math - SVT;Chapitre 3 : La procréation;Maîtrise de la procréation;Maitrise de la procréation (L11);cours;vidéo;MOHSSEN-SVT-022;Maitrise de la procréation.mp4;mohssen SVT/trimestre 1/théme 1 Reproduction humaine et santé/cours 11;médiathèque;les-bac-math-svt-1-13
باك — رياضيات;Bac Math - SVT;Chapitre 3 : La procréation;Maîtrise de la procréation;Maitrise de la procréation (L11);cours;document;cours 11/L 11 maitrise de la procréation.pdf;L 11 maitrise de la procréation.pdf;cours 11;dossier de la clé;les-bac-math-svt-1-13
باك — رياضيات;Bac Math - SVT;Chapitre 3 : La procréation;Exercice typique procréation;;exercice;vidéo;MOHSSEN-SVT-005;exercice typique procréation.mp4;mohssen SVT/trimestre 1/exercices théme 1/exercices thème 1/exercice typique procréation;médiathèque;les-bac-math-svt-1-14
باك — رياضيات;Bac Math - SVT;Chapitre 3 : La procréation;Exercice typique procréation;;exercice;document;MOHSSEN-SVT-006;exercice typique procréation.pdf;mohssen SVT/trimestre 1/exercices théme 1/exercices thème 1/exercice typique procréation;médiathèque;les-bac-math-svt-1-14
باك — رياضيات;Bac Math - SVT;Chapitre 3 : La procréation;QCM : reproduction humaine et santé;QCM reproduction humaine et santé;exercice;vidéo;MOHSSEN-SVT-008;qcm reproduction humaine et santé.mp4;mohssen SVT/trimestre 1/exercices théme 1/exercices thème 1/qcm reproduction humaine et santé;médiathèque;les-bac-math-svt-1-15
باك — رياضيات;Bac Math - SVT;Chapitre 3 : La procréation;QCM : reproduction humaine et santé;QCM reproduction humaine et santé;exercice;document;MOHSSEN-SVT-007;qcm dc 1 2022.pdf;mohssen SVT/trimestre 1/exercices théme 1/exercices thème 1/qcm reproduction humaine et santé;médiathèque;les-bac-math-svt-1-15
باك — رياضيات;Bac Math - SVT;Chapitre 4 : La génétique;Brassage de l'information génétique au cours de la reproduction sexuée;brassage de l'IG au cours de la reproduction sexuée;cours;vidéo;MOHSSEN-SVT-051;brassage de l'information génétique2025.mp4;mohssen SVT/trimestre 1/théme 2 la génétique (cours 12)/L1 brassage de l'IG au cours de la reproduction sexuée;médiathèque;les-bac-math-svt-2-01
باك — رياضيات;Bac Math - SVT;Chapitre 4 : La génétique;Brassage de l'information génétique au cours de la reproduction sexuée;brassage de l'IG au cours de la reproduction sexuée;cours;document;MOHSSEN-SVT-050;brassage de l'IG au cours de la reproduction sexuée.pdf;mohssen SVT/trimestre 1/théme 2 la génétique (cours 12)/L1 brassage de l'IG au cours de la reproduction sexuée;médiathèque;les-bac-math-svt-2-01
باك — رياضيات;Bac Math - SVT;Chapitre 4 : La génétique;Rappels de génétique formelle et monohybridisme;Rappels de génétique formelle et monohybridisme (L7);cours;vidéo;MOHSSEN-SVT-041;MOHSSEN-SVT-041;—;hors index du catalogue;les-bac-math-svt-2-02
باك — رياضيات;Bac Math - SVT;Chapitre 4 : La génétique;Deux gènes indépendants avec dominance absolue;;cours;vidéo;MOHSSEN-SVT-044;deux gènes indépendants.mp4;mohssen SVT/trimestre 1/théme 2 la génétique (cours 12)/L 3;médiathèque;les-bac-math-svt-2-03
باك — رياضيات;Bac Math - SVT;Chapitre 4 : La génétique;Deux gènes indépendants avec dominance absolue;;cours;document;MOHSSEN-SVT-042;deux gènes independants 2027.pdf;mohssen SVT/trimestre 1/théme 2 la génétique (cours 12)/L 3;médiathèque;les-bac-math-svt-2-03
باك — رياضيات;Bac Math - SVT;Chapitre 4 : La génétique;Deux gènes indépendants avec dominance absolue;;cours;document;MOHSSEN-SVT-043;deux gènes independants.pdf;mohssen SVT/trimestre 1/théme 2 la génétique (cours 12)/L 3;médiathèque;les-bac-math-svt-2-03
باك — رياضيات;Bac Math - SVT;Chapitre 4 : La génétique;Deux gènes liés liaison partielle;;cours;vidéo;MOHSSEN-SVT-046;deux gènes liés liaison partielle.mp4;mohssen SVT/trimestre 1/théme 2 la génétique (cours 12)/L 4;médiathèque;les-bac-math-svt-2-04
باك — رياضيات;Bac Math - SVT;Chapitre 4 : La génétique;Deux gènes liés liaison partielle;;cours;document;MOHSSEN-SVT-045;deux gènes liés liaison partielle.pdf;mohssen SVT/trimestre 1/théme 2 la génétique (cours 12)/L 4;médiathèque;les-bac-math-svt-2-04
باك — رياضيات;Bac Math - SVT;Chapitre 4 : La génétique;Deux gènes liés liaison partielle;;cours;document;MOHSSEN-SVT-047;deux gènes liés liaison partielle.pdf;mohssen SVT/trimestre 1/théme 2 la génétique (cours 12)/L 4;médiathèque;les-bac-math-svt-2-04
باك — رياضيات;Bac Math - SVT;Chapitre 4 : La génétique;Deux gènes liés liaison totale;;cours;vidéo;MOHSSEN-SVT-048;deux gènes liés liaison  totale.mp4;mohssen SVT/trimestre 1/théme 2 la génétique (cours 12)/L 5;médiathèque;les-bac-math-svt-2-05
باك — رياضيات;Bac Math - SVT;Chapitre 4 : La génétique;Deux gènes liés liaison totale;;cours;document;MOHSSEN-SVT-049;deux gènes liés liaison totale.pdf;mohssen SVT/trimestre 1/théme 2 la génétique (cours 12)/L 5;médiathèque;les-bac-math-svt-2-05
باك — رياضيات;Bac Math - SVT;Chapitre 4 : La génétique;Exercice : génétique des diploïdes;;exercice;vidéo;MOHSSEN-SVT-013;exercice génétique des diploides 1.mp4;mohssen SVT/trimestre 1/exercices théme 2/exercices génétique formelle/exercice génétique des diploides 1;médiathèque;les-bac-math-svt-2-06
باك — رياضيات;Bac Math - SVT;Chapitre 4 : La génétique;Exercice : génétique des diploïdes;;exercice;document;MOHSSEN-SVT-014;exercice génétique des diploides 1.pdf;mohssen SVT/trimestre 1/exercices théme 2/exercices génétique formelle/exercice génétique des diploides 1;médiathèque;les-bac-math-svt-2-06
باك — رياضيات;Bac Math - SVT;Chapitre 4 : La génétique;Méthodologie génétique des diploïdes;;exercice;vidéo;MOHSSEN-SVT-015;méthodologie génétique des diploides.mp4;mohssen SVT/trimestre 1/exercices théme 2/exercices génétique formelle/méthodologie génétique des diploides;médiathèque;les-bac-math-svt-2-07
باك — رياضيات;Bac Math - SVT;Chapitre 4 : La génétique;Méthodologie génétique des diploïdes;;exercice;document;MOHSSEN-SVT-016;méthodologie génétique des diploides.pdf;mohssen SVT/trimestre 1/exercices théme 2/exercices génétique formelle/méthodologie génétique des diploides;médiathèque;les-bac-math-svt-2-07
باك — رياضيات;Bac Math - Maths;(examen);فرض تأليفي عدد 1 — رياضيات;;examen;vidéo;—;https://youtu.be/dQw4w9WgXcQ;—;lien externe;ex-math-ds1
باك — رياضيات;Bac Math - Maths;(examen);فرض تأليفي عدد 1 — رياضيات;;examen;document;—;نص الامتحان;—;hors catalogue;ex-math-ds1
باك — رياضيات;Bac Math - Maths;(examen);فرض تأليفي عدد 1 — رياضيات;;examen;document;—;الإصلاح;—;hors catalogue;ex-math-ds1
باك — رياضيات;Bac Math - Maths;(examen);فرض مراقبة عدد 2 — رياضيات;;examen;document;—;نص الامتحان;—;hors catalogue;ex-math-dc2
باك — رياضيات;Bac Math - Maths;(examen);باك تجريبي — رياضيات;;examen;vidéo;—;https://youtu.be/oHg5SJYRHA0;—;lien externe;ex-math-bacblanc
باك — رياضيات;Bac Math - Maths;(examen);باك تجريبي — رياضيات;;examen;document;—;الموضوع;—;hors catalogue;ex-math-bacblanc
باك — رياضيات;Bac Math - Maths;(examen);باك تجريبي — رياضيات;;examen;document;—;سلّم التنقيط;—;hors catalogue;ex-math-bacblanc
باك — رياضيات;Bac Math - Maths;(examen);باك تجريبي — رياضيات;;examen;document;—;إصلاح مفصّل;—;hors catalogue;ex-math-bacblanc
باك — رياضيات;Bac Math - Physique;(examen);فرض تأليفي عدد 1 — علوم فيزيائية;;examen;vidéo;—;https://youtu.be/2Z4m4lnjxkY;—;lien externe;ex-phys-ds1
باك — رياضيات;Bac Math - Physique;(examen);فرض تأليفي عدد 1 — علوم فيزيائية;;examen;document;—;نص الامتحان;—;hors catalogue;ex-phys-ds1
باك — رياضيات;Bac Math - Physique;(examen);فرض تأليفي عدد 1 — علوم فيزيائية;;examen;document;—;الإصلاح;—;hors catalogue;ex-phys-ds1
باك — علوم تجريبية;Bac Sciences - Physique;(examen);فرض مراقبة عدد 1 — علوم فيزيائية;;examen;document;—;نص الامتحان;—;hors catalogue;ex-phys-dc1
باك — علوم تجريبية;Bac Sciences - SVT;(examen);فرض تأليفي عدد 2 — علوم الحياة والأرض;;examen;vidéo;—;https://youtu.be/9bZkp7q19f0;—;lien externe;ex-svt-ds2
باك — علوم تجريبية;Bac Sciences - SVT;(examen);فرض تأليفي عدد 2 — علوم الحياة والأرض;;examen;document;—;نص الامتحان;—;hors catalogue;ex-svt-ds2
باك — علوم تجريبية;Bac Sciences - SVT;(examen);فرض تأليفي عدد 2 — علوم الحياة والأرض;;examen;document;—;الإصلاح;—;hors catalogue;ex-svt-ds2
باك — علوم إعلامية;Bac Info - Programmation;(examen);الاختبار التطبيقي — إعلامية;;examen;vidéo;—;https://youtu.be/3JZ_D3ELwOQ;—;lien externe;ex-info-tp
باك — علوم إعلامية;Bac Info - Programmation;(examen);الاختبار التطبيقي — إعلامية;;examen;document;—;موضوع الأشغال التطبيقية;—;hors catalogue;ex-info-tp
باك — علوم إعلامية;Bac Info - Programmation;(examen);الاختبار التطبيقي — إعلامية;;examen;document;—;شبكة التقييم;—;hors catalogue;ex-info-tp
باك — آداب;Bac Lettres - عربية;(examen);فرض تأليفي عدد 1 — العربية;;examen;document;—;نص الامتحان;—;hors catalogue;ex-ar-farth1
باك — آداب;Bac Lettres - عربية;(examen);فرض تأليفي عدد 1 — العربية;;examen;document;—;الإصلاح;—;hors catalogue;ex-ar-farth1
